,sido-gu,온도,습도
0,강릉,19.7,15
1,강진군,18.4,14
2,강화,12.0,57
3,거제,16.4,30
4,거창,18.8,16
5,경주시,20.1,11
6,고산,13.7,39
7,고창,15.3,5
8,고창군,16.1,12
9,고흥,19.5,13
10,광양시,20.7,15
11,광주,18.6,4
12,구미,19.0,13
13,군산,14.1,18
14,금산,16.1,12
15,김해시,18.1,33
16,남원,16.9,9
17,남해,20.0,17
18,대관령,11.1,17
19,대구,19.4,10
20,대전,16.9,9
21,동두천,15.8,17
22,동해,19.1,11
23,목포,14.2,22
24,문경,16.1,12
25,밀양,21.4,7
26,백령도,14.1,18
27,보령,13.4,24
28,보성군,19.8,18
29,보은,16.9,15
30,봉화,15.4,16
31,부산,16.3,36
32,부안,14.8,13
33,부여,16.9,12
34,북강릉,18.5,11
35,북부산,18.3,26
36,북창원,21.6,17
37,북춘천,15.7,18
38,산청,18.7,15
39,상주,18.0,11
40,서귀포,19.2,37
41,서산,15.0,21
42,서울,15.0,19
43,성산,17.9,16
44,세종,16.7,13
45,속초,17.4,13
46,수원,14.2,23
47,순창군,16.2,12
48,순천,17.2,10
49,안동,17.7,12
50,양산시,21.6,13
51,양평,15.6,13
52,여수,19.6,13
53,영광군,15.2,13
54,영덕,18.7,14
55,영월,15.4,11
56,영주,15.6,15
57,영천,19.4,12
58,완도,18.5,22
59,울릉도,15.1,39
60,울산,16.4,27
61,울진,19.2,12
62,원주,15.1,13
63,의령군,21.4,9
64,의성,18.3,13
65,이천,16.3,15
66,인제,15.4,17
67,인천,11.5,49
68,임실,16.0,10
69,장수,15.1,20
70,장흥,18.6,14
71,전주,16.3,15
72,정선군,15.7,17
73,정읍,15.3,16
74,제주,18.9,18
75,제천,14.6,15
76,진도군,14.5,28
77,진주,21.5,14
78,창원,19.5,17
79,천안,16.6,12
80,철원,14.6,22
81,청송군,17.3,8
82,청주,17.6,11
83,추풍령,16.4,12
84,춘천,15.3,14
85,충주,16.0,12
86,태백,12.7,16
87,통영,17.3,38
88,파주,14.9,32
89,포항,20.0,9
90,함양군,18.7,10
91,합천,20.4,7
92,해남,17.0,20
93,홍성,14.9,16
94,홍천,15.7,13
95,흑산도,13.0,52
96,강릉,19.7,15
97,강진군,18.4,14
98,강화,12.0,57
99,거제,16.4,30
100,거창,18.8,16
101,경주시,20.1,11
102,고산,13.7,39
103,고창,15.3,5
104,고창군,16.1,12
105,고흥,19.5,13
106,광양시,20.7,15
107,광주,18.6,4
108,구미,19.0,13
109,군산,14.1,18
110,금산,16.1,12
111,김해시,18.1,33
112,남원,16.9,9
113,남해,20.0,17
114,대관령,11.1,17
115,대구,19.4,10
116,대전,16.9,9
117,동두천,15.8,17
118,동해,19.1,11
119,목포,14.2,22
120,문경,16.1,12
121,밀양,21.4,7
122,백령도,14.1,18
123,보령,13.4,24
124,보성군,19.8,18
125,보은,16.9,15
126,봉화,15.4,16
127,부산,16.3,36
128,부안,14.8,13
129,부여,16.9,12
130,북강릉,18.5,11
131,북부산,18.3,26
132,북창원,21.6,17
133,북춘천,15.7,18
134,산청,18.7,15
135,상주,18.0,11
136,서귀포,19.2,37
137,서산,15.0,21
138,서울,15.0,19
139,성산,17.9,16
140,세종,16.7,13
141,속초,17.4,13
142,수원,14.2,23
143,순창군,16.2,12
144,순천,17.2,10
145,안동,17.7,12
146,양산시,21.6,13
147,양평,15.6,13
148,여수,19.6,13
149,영광군,15.2,13
150,영덕,18.7,14
151,영월,15.4,11
152,영주,15.6,15
153,영천,19.4,12
154,완도,18.5,22
155,울릉도,15.1,39
156,울산,16.4,27
157,울진,19.2,12
158,원주,15.1,13
159,의령군,21.4,9
160,의성,18.3,13
161,이천,16.3,15
162,인제,15.4,17
163,인천,11.5,49
164,임실,16.0,10
165,장수,15.1,20
166,장흥,18.6,14
167,전주,16.3,15
168,정선군,15.7,17
169,정읍,15.3,16
170,제주,18.9,18
171,제천,14.6,15
172,진도군,14.5,28
173,진주,21.5,14
174,창원,19.5,17
175,천안,16.6,12
176,철원,14.6,22
177,청송군,17.3,8
178,청주,17.6,11
179,추풍령,16.4,12
180,춘천,15.3,14
181,충주,16.0,12
182,태백,12.7,16
183,통영,17.3,38
184,파주,14.9,32
185,포항,20.0,9
186,함양군,18.7,10
187,합천,20.4,7
188,해남,17.0,20
189,홍성,14.9,16
190,홍천,15.7,13
191,흑산도,13.0,52
192,강릉,19.7,15
193,강진군,18.4,14
194,강화,12.0,57
195,거제,16.4,30
196,거창,18.8,16
197,경주시,20.1,11
198,고산,13.7,39
199,고창,15.3,5
200,고창군,16.1,12
201,고흥,19.5,13
202,광양시,20.7,15
203,광주,18.6,4
204,구미,19.0,13
205,군산,14.1,18
206,금산,16.1,12
207,김해시,18.1,33
208,남원,16.9,9
209,남해,20.0,17
210,대관령,11.1,17
211,대구,19.4,10
212,대전,16.9,9
213,동두천,15.8,17
214,동해,19.1,11
215,목포,14.2,22
216,문경,16.1,12
217,밀양,21.4,7
218,백령도,14.1,18
219,보령,13.4,24
220,보성군,19.8,18
221,보은,16.9,15
222,봉화,15.4,16
223,부산,16.3,36
224,부안,14.8,13
225,부여,16.9,12
226,북강릉,18.5,11
227,북부산,18.3,26
228,북창원,21.6,17
229,북춘천,15.7,18
230,산청,18.7,15
231,상주,18.0,11
232,서귀포,19.2,37
233,서산,15.0,21
234,서울,15.0,19
235,성산,17.9,16
236,세종,16.7,13
237,속초,17.4,13
238,수원,14.2,23
239,순창군,16.2,12
240,순천,17.2,10
241,안동,17.7,12
242,양산시,21.6,13
243,양평,15.6,13
244,여수,19.6,13
245,영광군,15.2,13
246,영덕,18.7,14
247,영월,15.4,11
248,영주,15.6,15
249,영천,19.4,12
250,완도,18.5,22
251,울릉도,15.1,39
252,울산,16.4,27
253,울진,19.2,12
254,원주,15.1,13
255,의령군,21.4,9
256,의성,18.3,13
257,이천,16.3,15
258,인제,15.4,17
259,인천,11.5,49
260,임실,16.0,10
261,장수,15.1,20
262,장흥,18.6,14
263,전주,16.3,15
264,정선군,15.7,17
265,정읍,15.3,16
266,제주,18.9,18
267,제천,14.6,15
268,진도군,14.5,28
269,진주,21.5,14
270,창원,19.5,17
271,천안,16.6,12
272,철원,14.6,22
273,청송군,17.3,8
274,청주,17.6,11
275,추풍령,16.4,12
276,춘천,15.3,14
277,충주,16.0,12
278,태백,12.7,16
279,통영,17.3,38
280,파주,14.9,32
281,포항,20.0,9
282,함양군,18.7,10
283,합천,20.4,7
284,해남,17.0,20
285,홍성,14.9,16
286,홍천,15.7,13
287,흑산도,13.0,52
288,강릉,19.7,15
289,강진군,18.4,14
290,강화,12.0,57
291,거제,16.4,30
292,거창,18.8,16
293,경주시,20.1,11
294,고산,13.7,39
295,고창,15.3,5
296,고창군,16.1,12
297,고흥,19.5,13
298,광양시,20.7,15
299,광주,18.6,4
300,구미,19.0,13
301,군산,14.1,18
302,금산,16.1,12
303,김해시,18.1,33
304,남원,16.9,9
305,남해,20.0,17
306,대관령,11.1,17
307,대구,19.4,10
308,대전,16.9,9
309,동두천,15.8,17
310,동해,19.1,11
311,목포,14.2,22
312,문경,16.1,12
313,밀양,21.4,7
314,백령도,14.1,18
315,보령,13.4,24
316,보성군,19.8,18
317,보은,16.9,15
318,봉화,15.4,16
319,부산,16.3,36
320,부안,14.8,13
321,부여,16.9,12
322,북강릉,18.5,11
323,북부산,18.3,26
324,북창원,21.6,17
325,북춘천,15.7,18
326,산청,18.7,15
327,상주,18.0,11
328,서귀포,19.2,37
329,서산,15.0,21
330,서울,15.0,19
331,성산,17.9,16
332,세종,16.7,13
333,속초,17.4,13
334,수원,14.2,23
335,순창군,16.2,12
336,순천,17.2,10
337,안동,17.7,12
338,양산시,21.6,13
339,양평,15.6,13
340,여수,19.6,13
341,영광군,15.2,13
342,영덕,18.7,14
343,영월,15.4,11
344,영주,15.6,15
345,영천,19.4,12
346,완도,18.5,22
347,울릉도,15.1,39
348,울산,16.4,27
349,울진,19.2,12
350,원주,15.1,13
351,의령군,21.4,9
352,의성,18.3,13
353,이천,16.3,15
354,인제,15.4,17
355,인천,11.5,49
356,임실,16.0,10
357,장수,15.1,20
358,장흥,18.6,14
359,전주,16.3,15
360,정선군,15.7,17
361,정읍,15.3,16
362,제주,18.9,18
363,제천,14.6,15
364,진도군,14.5,28
365,진주,21.5,14
366,창원,19.5,17
367,천안,16.6,12
368,철원,14.6,22
369,청송군,17.3,8
370,청주,17.6,11
371,추풍령,16.4,12
372,춘천,15.3,14
373,충주,16.0,12
374,태백,12.7,16
375,통영,17.3,38
376,파주,14.9,32
377,포항,20.0,9
378,함양군,18.7,10
379,합천,20.4,7
380,해남,17.0,20
381,홍성,14.9,16
382,홍천,15.7,13
383,흑산도,13.0,52
384,강릉,19.7,15
385,강진군,18.4,14
386,강화,12.0,57
387,거제,16.4,30
388,거창,18.8,16
389,경주시,20.1,11
390,고산,13.7,39
391,고창,15.3,5
392,고창군,16.1,12
393,고흥,19.5,13
394,광양시,20.7,15
395,광주,18.6,4
396,구미,19.0,13
397,군산,14.1,18
398,금산,16.1,12
399,김해시,18.1,33
400,남원,16.9,9
401,남해,20.0,17
402,대관령,11.1,17
403,대구,19.4,10
404,대전,16.9,9
405,동두천,15.8,17
406,동해,19.1,11
407,목포,14.2,22
408,문경,16.1,12
409,밀양,21.4,7
410,백령도,14.1,18
411,보령,13.4,24
412,보성군,19.8,18
413,보은,16.9,15
414,봉화,15.4,16
415,부산,16.3,36
416,부안,14.8,13
417,부여,16.9,12
418,북강릉,18.5,11
419,북부산,18.3,26
420,북창원,21.6,17
421,북춘천,15.7,18
422,산청,18.7,15
423,상주,18.0,11
424,서귀포,19.2,37
425,서산,15.0,21
426,서울,15.0,19
427,성산,17.9,16
428,세종,16.7,13
429,속초,17.4,13
430,수원,14.2,23
431,순창군,16.2,12
432,순천,17.2,10
433,안동,17.7,12
434,양산시,21.6,13
435,양평,15.6,13
436,여수,19.6,13
437,영광군,15.2,13
438,영덕,18.7,14
439,영월,15.4,11
440,영주,15.6,15
441,영천,19.4,12
442,완도,18.5,22
443,울릉도,15.1,39
444,울산,16.4,27
445,울진,19.2,12
446,원주,15.1,13
447,의령군,21.4,9
448,의성,18.3,13
449,이천,16.3,15
450,인제,15.4,17
451,인천,11.5,49
452,임실,16.0,10
453,장수,15.1,20
454,장흥,18.6,14
455,전주,16.3,15
456,정선군,15.7,17
457,정읍,15.3,16
458,제주,18.9,18
459,제천,14.6,15
460,진도군,14.5,28
461,진주,21.5,14
462,창원,19.5,17
463,천안,16.6,12
464,철원,14.6,22
465,청송군,17.3,8
466,청주,17.6,11
467,추풍령,16.4,12
468,춘천,15.3,14
469,충주,16.0,12
470,태백,12.7,16
471,통영,17.3,38
472,파주,14.9,32
473,포항,20.0,9
474,함양군,18.7,10
475,합천,20.4,7
476,해남,17.0,20
477,홍성,14.9,16
478,홍천,15.7,13
479,흑산도,13.0,52
480,강릉,19.7,15
481,강진군,18.4,14
482,강화,12.0,57
483,거제,16.4,30
484,거창,18.8,16
485,경주시,20.1,11
486,고산,13.7,39
487,고창,15.3,5
488,고창군,16.1,12
489,고흥,19.5,13
490,광양시,20.7,15
491,광주,18.6,4
492,구미,19.0,13
493,군산,14.1,18
494,금산,16.1,12
495,김해시,18.1,33
496,남원,16.9,9
497,남해,20.0,17
498,대관령,11.1,17
499,대구,19.4,10
500,대전,16.9,9
501,동두천,15.8,17
502,동해,19.1,11
503,목포,14.2,22
504,문경,16.1,12
505,밀양,21.4,7
506,백령도,14.1,18
507,보령,13.4,24
508,보성군,19.8,18
509,보은,16.9,15
510,봉화,15.4,16
511,부산,16.3,36
512,부안,14.8,13
513,부여,16.9,12
514,북강릉,18.5,11
515,북부산,18.3,26
516,북창원,21.6,17
517,북춘천,15.7,18
518,산청,18.7,15
519,상주,18.0,11
520,서귀포,19.2,37
521,서산,15.0,21
522,서울,15.0,19
523,성산,17.9,16
524,세종,16.7,13
525,속초,17.4,13
526,수원,14.2,23
527,순창군,16.2,12
528,순천,17.2,10
529,안동,17.7,12
530,양산시,21.6,13
531,양평,15.6,13
532,여수,19.6,13
533,영광군,15.2,13
534,영덕,18.7,14
535,영월,15.4,11
536,영주,15.6,15
537,영천,19.4,12
538,완도,18.5,22
539,울릉도,15.1,39
540,울산,16.4,27
541,울진,19.2,12
542,원주,15.1,13
543,의령군,21.4,9
544,의성,18.3,13
545,이천,16.3,15
546,인제,15.4,17
547,인천,11.5,49
548,임실,16.0,10
549,장수,15.1,20
550,장흥,18.6,14
551,전주,16.3,15
552,정선군,15.7,17
553,정읍,15.3,16
554,제주,18.9,18
555,제천,14.6,15
556,진도군,14.5,28
557,진주,21.5,14
558,창원,19.5,17
559,천안,16.6,12
560,철원,14.6,22
561,청송군,17.3,8
562,청주,17.6,11
563,추풍령,16.4,12
564,춘천,15.3,14
565,충주,16.0,12
566,태백,12.7,16
567,통영,17.3,38
568,파주,14.9,32
569,포항,20.0,9
570,함양군,18.7,10
571,합천,20.4,7
572,해남,17.0,20
573,홍성,14.9,16
574,홍천,15.7,13
575,흑산도,13.0,52
576,강릉,19.7,15
577,강진군,18.4,14
578,강화,12.0,57
579,거제,16.4,30
580,거창,18.8,16
581,경주시,20.1,11
582,고산,13.7,39
583,고창,15.3,5
584,고창군,16.1,12
585,고흥,19.5,13
586,광양시,20.7,15
587,광주,18.6,4
588,구미,19.0,13
589,군산,14.1,18
590,금산,16.1,12
591,김해시,18.1,33
592,남원,16.9,9
593,남해,20.0,17
594,대관령,11.1,17
595,대구,19.4,10
596,대전,16.9,9
597,동두천,15.8,17
598,동해,19.1,11
599,목포,14.2,22
600,문경,16.1,12
601,밀양,21.4,7
602,백령도,14.1,18
603,보령,13.4,24
604,보성군,19.8,18
605,보은,16.9,15
606,봉화,15.4,16
607,부산,16.3,36
608,부안,14.8,13
609,부여,16.9,12
610,북강릉,18.5,11
611,북부산,18.3,26
612,북창원,21.6,17
613,북춘천,15.7,18
614,산청,18.7,15
615,상주,18.0,11
616,서귀포,19.2,37
617,서산,15.0,21
618,서울,15.0,19
619,성산,17.9,16
620,세종,16.7,13
621,속초,17.4,13
622,수원,14.2,23
623,순창군,16.2,12
624,순천,17.2,10
625,안동,17.7,12
626,양산시,21.6,13
627,양평,15.6,13
628,여수,19.6,13
629,영광군,15.2,13
630,영덕,18.7,14
631,영월,15.4,11
632,영주,15.6,15
633,영천,19.4,12
634,완도,18.5,22
635,울릉도,15.1,39
636,울산,16.4,27
637,울진,19.2,12
638,원주,15.1,13
639,의령군,21.4,9
640,의성,18.3,13
641,이천,16.3,15
642,인제,15.4,17
643,인천,11.5,49
644,임실,16.0,10
645,장수,15.1,20
646,장흥,18.6,14
647,전주,16.3,15
648,정선군,15.7,17
649,정읍,15.3,16
650,제주,18.9,18
651,제천,14.6,15
652,진도군,14.5,28
653,진주,21.5,14
654,창원,19.5,17
655,천안,16.6,12
656,철원,14.6,22
657,청송군,17.3,8
658,청주,17.6,11
659,추풍령,16.4,12
660,춘천,15.3,14
661,충주,16.0,12
662,태백,12.7,16
663,통영,17.3,38
664,파주,14.9,32
665,포항,20.0,9
666,함양군,18.7,10
667,합천,20.4,7
668,해남,17.0,20
669,홍성,14.9,16
670,홍천,15.7,13
671,흑산도,13.0,52
672,강릉,19.7,15
673,강진군,18.4,14
674,강화,12.0,57
675,거제,16.4,30
676,거창,18.8,16
677,경주시,20.1,11
678,고산,13.7,39
679,고창,15.3,5
680,고창군,16.1,12
681,고흥,19.5,13
682,광양시,20.7,15
683,광주,18.6,4
684,구미,19.0,13
685,군산,14.1,18
686,금산,16.1,12
687,김해시,18.1,33
688,남원,16.9,9
689,남해,20.0,17
690,대관령,11.1,17
691,대구,19.4,10
692,대전,16.9,9
693,동두천,15.8,17
694,동해,19.1,11
695,목포,14.2,22
696,문경,16.1,12
697,밀양,21.4,7
698,백령도,14.1,18
699,보령,13.4,24
700,보성군,19.8,18
701,보은,16.9,15
702,봉화,15.4,16
703,부산,16.3,36
704,부안,14.8,13
705,부여,16.9,12
706,북강릉,18.5,11
707,북부산,18.3,26
708,북창원,21.6,17
709,북춘천,15.7,18
710,산청,18.7,15
711,상주,18.0,11
712,서귀포,19.2,37
713,서산,15.0,21
714,서울,15.0,19
715,성산,17.9,16
716,세종,16.7,13
717,속초,17.4,13
718,수원,14.2,23
719,순창군,16.2,12
720,순천,17.2,10
721,안동,17.7,12
722,양산시,21.6,13
723,양평,15.6,13
724,여수,19.6,13
725,영광군,15.2,13
726,영덕,18.7,14
727,영월,15.4,11
728,영주,15.6,15
729,영천,19.4,12
730,완도,18.5,22
731,울릉도,15.1,39
732,울산,16.4,27
733,울진,19.2,12
734,원주,15.1,13
735,의령군,21.4,9
736,의성,18.3,13
737,이천,16.3,15
738,인제,15.4,17
739,인천,11.5,49
740,임실,16.0,10
741,장수,15.1,20
742,장흥,18.6,14
743,전주,16.3,15
744,정선군,15.7,17
745,정읍,15.3,16
746,제주,18.9,18
747,제천,14.6,15
748,진도군,14.5,28
749,진주,21.5,14
750,창원,19.5,17
751,천안,16.6,12
752,철원,14.6,22
753,청송군,17.3,8
754,청주,17.6,11
755,추풍령,16.4,12
756,춘천,15.3,14
757,충주,16.0,12
758,태백,12.7,16
759,통영,17.3,38
760,파주,14.9,32
761,포항,20.0,9
762,함양군,18.7,10
763,합천,20.4,7
764,해남,17.0,20
765,홍성,14.9,16
766,홍천,15.7,13
767,흑산도,13.0,52
768,강릉,19.7,15
769,강진군,18.4,14
770,강화,12.0,57
771,거제,16.4,30
772,거창,18.8,16
773,경주시,20.1,11
774,고산,13.7,39
775,고창,15.3,5
776,고창군,16.1,12
777,고흥,19.5,13
778,광양시,20.7,15
779,광주,18.6,4
780,구미,19.0,13
781,군산,14.1,18
782,금산,16.1,12
783,김해시,18.1,33
784,남원,16.9,9
785,남해,20.0,17
786,대관령,11.1,17
787,대구,19.4,10
788,대전,16.9,9
789,동두천,15.8,17
790,동해,19.1,11
791,목포,14.2,22
792,문경,16.1,12
793,밀양,21.4,7
794,백령도,14.1,18
795,보령,13.4,24
796,보성군,19.8,18
797,보은,16.9,15
798,봉화,15.4,16
799,부산,16.3,36
800,부안,14.8,13
801,부여,16.9,12
802,북강릉,18.5,11
803,북부산,18.3,26
804,북창원,21.6,17
805,북춘천,15.7,18
806,산청,18.7,15
807,상주,18.0,11
808,서귀포,19.2,37
809,서산,15.0,21
810,서울,15.0,19
811,성산,17.9,16
812,세종,16.7,13
813,속초,17.4,13
814,수원,14.2,23
815,순창군,16.2,12
816,순천,17.2,10
817,안동,17.7,12
818,양산시,21.6,13
819,양평,15.6,13
820,여수,19.6,13
821,영광군,15.2,13
822,영덕,18.7,14
823,영월,15.4,11
824,영주,15.6,15
825,영천,19.4,12
826,완도,18.5,22
827,울릉도,15.1,39
828,울산,16.4,27
829,울진,19.2,12
830,원주,15.1,13
831,의령군,21.4,9
832,의성,18.3,13
833,이천,16.3,15
834,인제,15.4,17
835,인천,11.5,49
836,임실,16.0,10
837,장수,15.1,20
838,장흥,18.6,14
839,전주,16.3,15
840,정선군,15.7,17
841,정읍,15.3,16
842,제주,18.9,18
843,제천,14.6,15
844,진도군,14.5,28
845,진주,21.5,14
846,창원,19.5,17
847,천안,16.6,12
848,철원,14.6,22
849,청송군,17.3,8
850,청주,17.6,11
851,추풍령,16.4,12
852,춘천,15.3,14
853,충주,16.0,12
854,태백,12.7,16
855,통영,17.3,38
856,파주,14.9,32
857,포항,20.0,9
858,함양군,18.7,10
859,합천,20.4,7
860,해남,17.0,20
861,홍성,14.9,16
862,홍천,15.7,13
863,흑산도,13.0,52
864,강릉,19.7,15
865,강진군,18.4,14
866,강화,12.0,57
867,거제,16.4,30
868,거창,18.8,16
869,경주시,20.1,11
870,고산,13.7,39
871,고창,15.3,5
872,고창군,16.1,12
873,고흥,19.5,13
874,광양시,20.7,15
875,광주,18.6,4
876,구미,19.0,13
877,군산,14.1,18
878,금산,16.1,12
879,김해시,18.1,33
880,남원,16.9,9
881,남해,20.0,17
882,대관령,11.1,17
883,대구,19.4,10
884,대전,16.9,9
885,동두천,15.8,17
886,동해,19.1,11
887,목포,14.2,22
888,문경,16.1,12
889,밀양,21.4,7
890,백령도,14.1,18
891,보령,13.4,24
892,보성군,19.8,18
893,보은,16.9,15
894,봉화,15.4,16
895,부산,16.3,36
896,부안,14.8,13
897,부여,16.9,12
898,북강릉,18.5,11
899,북부산,18.3,26
900,북창원,21.6,17
901,북춘천,15.7,18
902,산청,18.7,15
903,상주,18.0,11
904,서귀포,19.2,37
905,서산,15.0,21
906,서울,15.0,19
907,성산,17.9,16
908,세종,16.7,13
909,속초,17.4,13
910,수원,14.2,23
911,순창군,16.2,12
912,순천,17.2,10
913,안동,17.7,12
914,양산시,21.6,13
915,양평,15.6,13
916,여수,19.6,13
917,영광군,15.2,13
918,영덕,18.7,14
919,영월,15.4,11
920,영주,15.6,15
921,영천,19.4,12
922,완도,18.5,22
923,울릉도,15.1,39
924,울산,16.4,27
925,울진,19.2,12
926,원주,15.1,13
927,의령군,21.4,9
928,의성,18.3,13
929,이천,16.3,15
930,인제,15.4,17
931,인천,11.5,49
932,임실,16.0,10
933,장수,15.1,20
934,장흥,18.6,14
935,전주,16.3,15
936,정선군,15.7,17
937,정읍,15.3,16
938,제주,18.9,18
939,제천,14.6,15
940,진도군,14.5,28
941,진주,21.5,14
942,창원,19.5,17
943,천안,16.6,12
944,철원,14.6,22
945,청송군,17.3,8
946,청주,17.6,11
947,추풍령,16.4,12
948,춘천,15.3,14
949,충주,16.0,12
950,태백,12.7,16
951,통영,17.3,38
952,파주,14.9,32
953,포항,20.0,9
954,함양군,18.7,10
955,합천,20.4,7
956,해남,17.0,20
957,홍성,14.9,16
958,홍천,15.7,13
959,흑산도,13.0,52
960,강릉,19.7,15
961,강진군,18.4,14
962,강화,12.0,57
963,거제,16.4,30
964,거창,18.8,16
965,경주시,20.1,11
966,고산,13.7,39
967,고창,15.3,5
968,고창군,16.1,12
969,고흥,19.5,13
970,광양시,20.7,15
971,광주,18.6,4
972,구미,19.0,13
973,군산,14.1,18
974,금산,16.1,12
975,김해시,18.1,33
976,남원,16.9,9
977,남해,20.0,17
978,대관령,11.1,17
979,대구,19.4,10
980,대전,16.9,9
981,동두천,15.8,17
982,동해,19.1,11
983,목포,14.2,22
984,문경,16.1,12
985,밀양,21.4,7
986,백령도,14.1,18
987,보령,13.4,24
988,보성군,19.8,18
989,보은,16.9,15
990,봉화,15.4,16
991,부산,16.3,36
992,부안,14.8,13
993,부여,16.9,12
994,북강릉,18.5,11
995,북부산,18.3,26
996,북창원,21.6,17
997,북춘천,15.7,18
998,산청,18.7,15
999,상주,18.0,11
1000,서귀포,19.2,37
1001,서산,15.0,21
1002,서울,15.0,19
1003,성산,17.9,16
1004,세종,16.7,13
1005,속초,17.4,13
1006,수원,14.2,23
1007,순창군,16.2,12
1008,순천,17.2,10
1009,안동,17.7,12
1010,양산시,21.6,13
1011,양평,15.6,13
1012,여수,19.6,13
1013,영광군,15.2,13
1014,영덕,18.7,14
1015,영월,15.4,11
1016,영주,15.6,15
1017,영천,19.4,12
1018,완도,18.5,22
1019,울릉도,15.1,39
1020,울산,16.4,27
1021,울진,19.2,12
1022,원주,15.1,13
1023,의령군,21.4,9
1024,의성,18.3,13
1025,이천,16.3,15
1026,인제,15.4,17
1027,인천,11.5,49
1028,임실,16.0,10
1029,장수,15.1,20
1030,장흥,18.6,14
1031,전주,16.3,15
1032,정선군,15.7,17
1033,정읍,15.3,16
1034,제주,18.9,18
1035,제천,14.6,15
1036,진도군,14.5,28
1037,진주,21.5,14
1038,창원,19.5,17
1039,천안,16.6,12
1040,철원,14.6,22
1041,청송군,17.3,8
1042,청주,17.6,11
1043,추풍령,16.4,12
1044,춘천,15.3,14
1045,충주,16.0,12
1046,태백,12.7,16
1047,통영,17.3,38
1048,파주,14.9,32
1049,포항,20.0,9
1050,함양군,18.7,10
1051,합천,20.4,7
1052,해남,17.0,20
1053,홍성,14.9,16
1054,홍천,15.7,13
1055,흑산도,13.0,52
1056,강릉,19.7,15
1057,강진군,18.4,14
1058,강화,12.0,57
1059,거제,16.4,30
1060,거창,18.8,16
1061,경주시,20.1,11
1062,고산,13.7,39
1063,고창,15.3,5
1064,고창군,16.1,12
1065,고흥,19.5,13
1066,광양시,20.7,15
1067,광주,18.6,4
1068,구미,19.0,13
1069,군산,14.1,18
1070,금산,16.1,12
1071,김해시,18.1,33
1072,남원,16.9,9
1073,남해,20.0,17
1074,대관령,11.1,17
1075,대구,19.4,10
1076,대전,16.9,9
1077,동두천,15.8,17
1078,동해,19.1,11
1079,목포,14.2,22
1080,문경,16.1,12
1081,밀양,21.4,7
1082,백령도,14.1,18
1083,보령,13.4,24
1084,보성군,19.8,18
1085,보은,16.9,15
1086,봉화,15.4,16
1087,부산,16.3,36
1088,부안,14.8,13
1089,부여,16.9,12
1090,북강릉,18.5,11
1091,북부산,18.3,26
1092,북창원,21.6,17
1093,북춘천,15.7,18
1094,산청,18.7,15
1095,상주,18.0,11
1096,서귀포,19.2,37
1097,서산,15.0,21
1098,서울,15.0,19
1099,성산,17.9,16
1100,세종,16.7,13
1101,속초,17.4,13
1102,수원,14.2,23
1103,순창군,16.2,12
1104,순천,17.2,10
1105,안동,17.7,12
1106,양산시,21.6,13
1107,양평,15.6,13
1108,여수,19.6,13
1109,영광군,15.2,13
1110,영덕,18.7,14
1111,영월,15.4,11
1112,영주,15.6,15
1113,영천,19.4,12
1114,완도,18.5,22
1115,울릉도,15.1,39
1116,울산,16.4,27
1117,울진,19.2,12
1118,원주,15.1,13
1119,의령군,21.4,9
1120,의성,18.3,13
1121,이천,16.3,15
1122,인제,15.4,17
1123,인천,11.5,49
1124,임실,16.0,10
1125,장수,15.1,20
1126,장흥,18.6,14
1127,전주,16.3,15
1128,정선군,15.7,17
1129,정읍,15.3,16
1130,제주,18.9,18
1131,제천,14.6,15
1132,진도군,14.5,28
1133,진주,21.5,14
1134,창원,19.5,17
1135,천안,16.6,12
1136,철원,14.6,22
1137,청송군,17.3,8
1138,청주,17.6,11
1139,추풍령,16.4,12
1140,춘천,15.3,14
1141,충주,16.0,12
1142,태백,12.7,16
1143,통영,17.3,38
1144,파주,14.9,32
1145,포항,20.0,9
1146,함양군,18.7,10
1147,합천,20.4,7
1148,해남,17.0,20
1149,홍성,14.9,16
1150,홍천,15.7,13
1151,흑산도,13.0,52
1152,강릉,19.7,15
1153,강진군,18.4,14
1154,강화,12.0,57
1155,거제,16.4,30
1156,거창,18.8,16
1157,경주시,20.1,11
1158,고산,13.7,39
1159,고창,15.3,5
1160,고창군,16.1,12
1161,고흥,19.5,13
1162,광양시,20.7,15
1163,광주,18.6,4
1164,구미,19.0,13
1165,군산,14.1,18
1166,금산,16.1,12
1167,김해시,18.1,33
1168,남원,16.9,9
1169,남해,20.0,17
1170,대관령,11.1,17
1171,대구,19.4,10
1172,대전,16.9,9
1173,동두천,15.8,17
1174,동해,19.1,11
1175,목포,14.2,22
1176,문경,16.1,12
1177,밀양,21.4,7
1178,백령도,14.1,18
1179,보령,13.4,24
1180,보성군,19.8,18
1181,보은,16.9,15
1182,봉화,15.4,16
1183,부산,16.3,36
1184,부안,14.8,13
1185,부여,16.9,12
1186,북강릉,18.5,11
1187,북부산,18.3,26
1188,북창원,21.6,17
1189,북춘천,15.7,18
1190,산청,18.7,15
1191,상주,18.0,11
1192,서귀포,19.2,37
1193,서산,15.0,21
1194,서울,15.0,19
1195,성산,17.9,16
1196,세종,16.7,13
1197,속초,17.4,13
1198,수원,14.2,23
1199,순창군,16.2,12
1200,순천,17.2,10
1201,안동,17.7,12
1202,양산시,21.6,13
1203,양평,15.6,13
1204,여수,19.6,13
1205,영광군,15.2,13
1206,영덕,18.7,14
1207,영월,15.4,11
1208,영주,15.6,15
1209,영천,19.4,12
1210,완도,18.5,22
1211,울릉도,15.1,39
1212,울산,16.4,27
1213,울진,19.2,12
1214,원주,15.1,13
1215,의령군,21.4,9
1216,의성,18.3,13
1217,이천,16.3,15
1218,인제,15.4,17
1219,인천,11.5,49
1220,임실,16.0,10
1221,장수,15.1,20
1222,장흥,18.6,14
1223,전주,16.3,15
1224,정선군,15.7,17
1225,정읍,15.3,16
1226,제주,18.9,18
1227,제천,14.6,15
1228,진도군,14.5,28
1229,진주,21.5,14
1230,창원,19.5,17
1231,천안,16.6,12
1232,철원,14.6,22
1233,청송군,17.3,8
1234,청주,17.6,11
1235,추풍령,16.4,12
1236,춘천,15.3,14
1237,충주,16.0,12
1238,태백,12.7,16
1239,통영,17.3,38
1240,파주,14.9,32
1241,포항,20.0,9
1242,함양군,18.7,10
1243,합천,20.4,7
1244,해남,17.0,20
1245,홍성,14.9,16
1246,홍천,15.7,13
1247,흑산도,13.0,52
1248,강릉,19.7,15
1249,강진군,18.4,14
1250,강화,12.0,57
1251,거제,16.4,30
1252,거창,18.8,16
1253,경주시,20.1,11
1254,고산,13.7,39
1255,고창,15.3,5
1256,고창군,16.1,12
1257,고흥,19.5,13
1258,광양시,20.7,15
1259,광주,18.6,4
1260,구미,19.0,13
1261,군산,14.1,18
1262,금산,16.1,12
1263,김해시,18.1,33
1264,남원,16.9,9
1265,남해,20.0,17
1266,대관령,11.1,17
1267,대구,19.4,10
1268,대전,16.9,9
1269,동두천,15.8,17
1270,동해,19.1,11
1271,목포,14.2,22
1272,문경,16.1,12
1273,밀양,21.4,7
1274,백령도,14.1,18
1275,보령,13.4,24
1276,보성군,19.8,18
1277,보은,16.9,15
1278,봉화,15.4,16
1279,부산,16.3,36
1280,부안,14.8,13
1281,부여,16.9,12
1282,북강릉,18.5,11
1283,북부산,18.3,26
1284,북창원,21.6,17
1285,북춘천,15.7,18
1286,산청,18.7,15
1287,상주,18.0,11
1288,서귀포,19.2,37
1289,서산,15.0,21
1290,서울,15.0,19
1291,성산,17.9,16
1292,세종,16.7,13
1293,속초,17.4,13
1294,수원,14.2,23
1295,순창군,16.2,12
1296,순천,17.2,10
1297,안동,17.7,12
1298,양산시,21.6,13
1299,양평,15.6,13
1300,여수,19.6,13
1301,영광군,15.2,13
1302,영덕,18.7,14
1303,영월,15.4,11
1304,영주,15.6,15
1305,영천,19.4,12
1306,완도,18.5,22
1307,울릉도,15.1,39
1308,울산,16.4,27
1309,울진,19.2,12
1310,원주,15.1,13
1311,의령군,21.4,9
1312,의성,18.3,13
1313,이천,16.3,15
1314,인제,15.4,17
1315,인천,11.5,49
1316,임실,16.0,10
1317,장수,15.1,20
1318,장흥,18.6,14
1319,전주,16.3,15
1320,정선군,15.7,17
1321,정읍,15.3,16
1322,제주,18.9,18
1323,제천,14.6,15
1324,진도군,14.5,28
1325,진주,21.5,14
1326,창원,19.5,17
1327,천안,16.6,12
1328,철원,14.6,22
1329,청송군,17.3,8
1330,청주,17.6,11
1331,추풍령,16.4,12
1332,춘천,15.3,14
1333,충주,16.0,12
1334,태백,12.7,16
1335,통영,17.3,38
1336,파주,14.9,32
1337,포항,20.0,9
1338,함양군,18.7,10
1339,합천,20.4,7
1340,해남,17.0,20
1341,홍성,14.9,16
1342,홍천,15.7,13
1343,흑산도,13.0,52
1344,강릉,19.7,15
1345,강진군,18.4,14
1346,강화,12.0,57
1347,거제,16.4,30
1348,거창,18.8,16
1349,경주시,20.1,11
1350,고산,13.7,39
1351,고창,15.3,5
1352,고창군,16.1,12
1353,고흥,19.5,13
1354,광양시,20.7,15
1355,광주,18.6,4
1356,구미,19.0,13
1357,군산,14.1,18
1358,금산,16.1,12
1359,김해시,18.1,33
1360,남원,16.9,9
1361,남해,20.0,17
1362,대관령,11.1,17
1363,대구,19.4,10
1364,대전,16.9,9
1365,동두천,15.8,17
1366,동해,19.1,11
1367,목포,14.2,22
1368,문경,16.1,12
1369,밀양,21.4,7
1370,백령도,14.1,18
1371,보령,13.4,24
1372,보성군,19.8,18
1373,보은,16.9,15
1374,봉화,15.4,16
1375,부산,16.3,36
1376,부안,14.8,13
1377,부여,16.9,12
1378,북강릉,18.5,11
1379,북부산,18.3,26
1380,북창원,21.6,17
1381,북춘천,15.7,18
1382,산청,18.7,15
1383,상주,18.0,11
1384,서귀포,19.2,37
1385,서산,15.0,21
1386,서울,15.0,19
1387,성산,17.9,16
1388,세종,16.7,13
1389,속초,17.4,13
1390,수원,14.2,23
1391,순창군,16.2,12
1392,순천,17.2,10
1393,안동,17.7,12
1394,양산시,21.6,13
1395,양평,15.6,13
1396,여수,19.6,13
1397,영광군,15.2,13
1398,영덕,18.7,14
1399,영월,15.4,11
1400,영주,15.6,15
1401,영천,19.4,12
1402,완도,18.5,22
1403,울릉도,15.1,39
1404,울산,16.4,27
1405,울진,19.2,12
1406,원주,15.1,13
1407,의령군,21.4,9
1408,의성,18.3,13
1409,이천,16.3,15
1410,인제,15.4,17
1411,인천,11.5,49
1412,임실,16.0,10
1413,장수,15.1,20
1414,장흥,18.6,14
1415,전주,16.3,15
1416,정선군,15.7,17
1417,정읍,15.3,16
1418,제주,18.9,18
1419,제천,14.6,15
1420,진도군,14.5,28
1421,진주,21.5,14
1422,창원,19.5,17
1423,천안,16.6,12
1424,철원,14.6,22
1425,청송군,17.3,8
1426,청주,17.6,11
1427,추풍령,16.4,12
1428,춘천,15.3,14
1429,충주,16.0,12
1430,태백,12.7,16
1431,통영,17.3,38
1432,파주,14.9,32
1433,포항,20.0,9
1434,함양군,18.7,10
1435,합천,20.4,7
1436,해남,17.0,20
1437,홍성,14.9,16
1438,홍천,15.7,13
1439,흑산도,13.0,52
1440,강릉,19.7,15
1441,강진군,18.4,14
1442,강화,12.0,57
1443,거제,16.4,30
1444,거창,18.8,16
1445,경주시,20.1,11
1446,고산,13.7,39
1447,고창,15.3,5
1448,고창군,16.1,12
1449,고흥,19.5,13
1450,광양시,20.7,15
1451,광주,18.6,4
1452,구미,19.0,13
1453,군산,14.1,18
1454,금산,16.1,12
1455,김해시,18.1,33
1456,남원,16.9,9
1457,남해,20.0,17
1458,대관령,11.1,17
1459,대구,19.4,10
1460,대전,16.9,9
1461,동두천,15.8,17
1462,동해,19.1,11
1463,목포,14.2,22
1464,문경,16.1,12
1465,밀양,21.4,7
1466,백령도,14.1,18
1467,보령,13.4,24
1468,보성군,19.8,18
1469,보은,16.9,15
1470,봉화,15.4,16
1471,부산,16.3,36
1472,부안,14.8,13
1473,부여,16.9,12
1474,북강릉,18.5,11
1475,북부산,18.3,26
1476,북창원,21.6,17
1477,북춘천,15.7,18
1478,산청,18.7,15
1479,상주,18.0,11
1480,서귀포,19.2,37
1481,서산,15.0,21
1482,서울,15.0,19
1483,성산,17.9,16
1484,세종,16.7,13
1485,속초,17.4,13
1486,수원,14.2,23
1487,순창군,16.2,12
1488,순천,17.2,10
1489,안동,17.7,12
1490,양산시,21.6,13
1491,양평,15.6,13
1492,여수,19.6,13
1493,영광군,15.2,13
1494,영덕,18.7,14
1495,영월,15.4,11
1496,영주,15.6,15
1497,영천,19.4,12
1498,완도,18.5,22
1499,울릉도,15.1,39
1500,울산,16.4,27
1501,울진,19.2,12
1502,원주,15.1,13
1503,의령군,21.4,9
1504,의성,18.3,13
1505,이천,16.3,15
1506,인제,15.4,17
1507,인천,11.5,49
1508,임실,16.0,10
1509,장수,15.1,20
1510,장흥,18.6,14
1511,전주,16.3,15
1512,정선군,15.7,17
1513,정읍,15.3,16
1514,제주,18.9,18
1515,제천,14.6,15
1516,진도군,14.5,28
1517,진주,21.5,14
1518,창원,19.5,17
1519,천안,16.6,12
1520,철원,14.6,22
1521,청송군,17.3,8
1522,청주,17.6,11
1523,추풍령,16.4,12
1524,춘천,15.3,14
1525,충주,16.0,12
1526,태백,12.7,16
1527,통영,17.3,38
1528,파주,14.9,32
1529,포항,20.0,9
1530,함양군,18.7,10
1531,합천,20.4,7
1532,해남,17.0,20
1533,홍성,14.9,16
1534,홍천,15.7,13
1535,흑산도,13.0,52
1536,강릉,19.7,15
1537,강진군,18.4,14
1538,강화,12.0,57
1539,거제,16.4,30
1540,거창,18.8,16
1541,경주시,20.1,11
1542,고산,13.7,39
1543,고창,15.3,5
1544,고창군,16.1,12
1545,고흥,19.5,13
1546,광양시,20.7,15
1547,광주,18.6,4
1548,구미,19.0,13
1549,군산,14.1,18
1550,금산,16.1,12
1551,김해시,18.1,33
1552,남원,16.9,9
1553,남해,20.0,17
1554,대관령,11.1,17
1555,대구,19.4,10
1556,대전,16.9,9
1557,동두천,15.8,17
1558,동해,19.1,11
1559,목포,14.2,22
1560,문경,16.1,12
1561,밀양,21.4,7
1562,백령도,14.1,18
1563,보령,13.4,24
1564,보성군,19.8,18
1565,보은,16.9,15
1566,봉화,15.4,16
1567,부산,16.3,36
1568,부안,14.8,13
1569,부여,16.9,12
1570,북강릉,18.5,11
1571,북부산,18.3,26
1572,북창원,21.6,17
1573,북춘천,15.7,18
1574,산청,18.7,15
1575,상주,18.0,11
1576,서귀포,19.2,37
1577,서산,15.0,21
1578,서울,15.0,19
1579,성산,17.9,16
1580,세종,16.7,13
1581,속초,17.4,13
1582,수원,14.2,23
1583,순창군,16.2,12
1584,순천,17.2,10
1585,안동,17.7,12
1586,양산시,21.6,13
1587,양평,15.6,13
1588,여수,19.6,13
1589,영광군,15.2,13
1590,영덕,18.7,14
1591,영월,15.4,11
1592,영주,15.6,15
1593,영천,19.4,12
1594,완도,18.5,22
1595,울릉도,15.1,39
1596,울산,16.4,27
1597,울진,19.2,12
1598,원주,15.1,13
1599,의령군,21.4,9
1600,의성,18.3,13
1601,이천,16.3,15
1602,인제,15.4,17
1603,인천,11.5,49
1604,임실,16.0,10
1605,장수,15.1,20
1606,장흥,18.6,14
1607,전주,16.3,15
1608,정선군,15.7,17
1609,정읍,15.3,16
1610,제주,18.9,18
1611,제천,14.6,15
1612,진도군,14.5,28
1613,진주,21.5,14
1614,창원,19.5,17
1615,천안,16.6,12
1616,철원,14.6,22
1617,청송군,17.3,8
1618,청주,17.6,11
1619,추풍령,16.4,12
1620,춘천,15.3,14
1621,충주,16.0,12
1622,태백,12.7,16
1623,통영,17.3,38
1624,파주,14.9,32
1625,포항,20.0,9
1626,함양군,18.7,10
1627,합천,20.4,7
1628,해남,17.0,20
1629,홍성,14.9,16
1630,홍천,15.7,13
1631,흑산도,13.0,52
1632,강릉,19.7,15
1633,강진군,18.4,14
1634,강화,12.0,57
1635,거제,16.4,30
1636,거창,18.8,16
1637,경주시,20.1,11
1638,고산,13.7,39
1639,고창,15.3,5
1640,고창군,16.1,12
1641,고흥,19.5,13
1642,광양시,20.7,15
1643,광주,18.6,4
1644,구미,19.0,13
1645,군산,14.1,18
1646,금산,16.1,12
1647,김해시,18.1,33
1648,남원,16.9,9
1649,남해,20.0,17
1650,대관령,11.1,17
1651,대구,19.4,10
1652,대전,16.9,9
1653,동두천,15.8,17
1654,동해,19.1,11
1655,목포,14.2,22
1656,문경,16.1,12
1657,밀양,21.4,7
1658,백령도,14.1,18
1659,보령,13.4,24
1660,보성군,19.8,18
1661,보은,16.9,15
1662,봉화,15.4,16
1663,부산,16.3,36
1664,부안,14.8,13
1665,부여,16.9,12
1666,북강릉,18.5,11
1667,북부산,18.3,26
1668,북창원,21.6,17
1669,북춘천,15.7,18
1670,산청,18.7,15
1671,상주,18.0,11
1672,서귀포,19.2,37
1673,서산,15.0,21
1674,서울,15.0,19
1675,성산,17.9,16
1676,세종,16.7,13
1677,속초,17.4,13
1678,수원,14.2,23
1679,순창군,16.2,12
1680,순천,17.2,10
1681,안동,17.7,12
1682,양산시,21.6,13
1683,양평,15.6,13
1684,여수,19.6,13
1685,영광군,15.2,13
1686,영덕,18.7,14
1687,영월,15.4,11
1688,영주,15.6,15
1689,영천,19.4,12
1690,완도,18.5,22
1691,울릉도,15.1,39
1692,울산,16.4,27
1693,울진,19.2,12
1694,원주,15.1,13
1695,의령군,21.4,9
1696,의성,18.3,13
1697,이천,16.3,15
1698,인제,15.4,17
1699,인천,11.5,49
1700,임실,16.0,10
1701,장수,15.1,20
1702,장흥,18.6,14
1703,전주,16.3,15
1704,정선군,15.7,17
1705,정읍,15.3,16
1706,제주,18.9,18
1707,제천,14.6,15
1708,진도군,14.5,28
1709,진주,21.5,14
1710,창원,19.5,17
1711,천안,16.6,12
1712,철원,14.6,22
1713,청송군,17.3,8
1714,청주,17.6,11
1715,추풍령,16.4,12
1716,춘천,15.3,14
1717,충주,16.0,12
1718,태백,12.7,16
1719,통영,17.3,38
1720,파주,14.9,32
1721,포항,20.0,9
1722,함양군,18.7,10
1723,합천,20.4,7
1724,해남,17.0,20
1725,홍성,14.9,16
1726,홍천,15.7,13
1727,흑산도,13.0,52
1728,강릉,19.7,15
1729,강진군,18.4,14
1730,강화,12.0,57
1731,거제,16.4,30
1732,거창,18.8,16
1733,경주시,20.1,11
1734,고산,13.7,39
1735,고창,15.3,5
1736,고창군,16.1,12
1737,고흥,19.5,13
1738,광양시,20.7,15
1739,광주,18.6,4
1740,구미,19.0,13
1741,군산,14.1,18
1742,금산,16.1,12
1743,김해시,18.1,33
1744,남원,16.9,9
1745,남해,20.0,17
1746,대관령,11.1,17
1747,대구,19.4,10
1748,대전,16.9,9
1749,동두천,15.8,17
1750,동해,19.1,11
1751,목포,14.2,22
1752,문경,16.1,12
1753,밀양,21.4,7
1754,백령도,14.1,18
1755,보령,13.4,24
1756,보성군,19.8,18
1757,보은,16.9,15
1758,봉화,15.4,16
1759,부산,16.3,36
1760,부안,14.8,13
1761,부여,16.9,12
1762,북강릉,18.5,11
1763,북부산,18.3,26
1764,북창원,21.6,17
1765,북춘천,15.7,18
1766,산청,18.7,15
1767,상주,18.0,11
1768,서귀포,19.2,37
1769,서산,15.0,21
1770,서울,15.0,19
1771,성산,17.9,16
1772,세종,16.7,13
1773,속초,17.4,13
1774,수원,14.2,23
1775,순창군,16.2,12
1776,순천,17.2,10
1777,안동,17.7,12
1778,양산시,21.6,13
1779,양평,15.6,13
1780,여수,19.6,13
1781,영광군,15.2,13
1782,영덕,18.7,14
1783,영월,15.4,11
1784,영주,15.6,15
1785,영천,19.4,12
1786,완도,18.5,22
1787,울릉도,15.1,39
1788,울산,16.4,27
1789,울진,19.2,12
1790,원주,15.1,13
1791,의령군,21.4,9
1792,의성,18.3,13
1793,이천,16.3,15
1794,인제,15.4,17
1795,인천,11.5,49
1796,임실,16.0,10
1797,장수,15.1,20
1798,장흥,18.6,14
1799,전주,16.3,15
1800,정선군,15.7,17
1801,정읍,15.3,16
1802,제주,18.9,18
1803,제천,14.6,15
1804,진도군,14.5,28
1805,진주,21.5,14
1806,창원,19.5,17
1807,천안,16.6,12
1808,철원,14.6,22
1809,청송군,17.3,8
1810,청주,17.6,11
1811,추풍령,16.4,12
1812,춘천,15.3,14
1813,충주,16.0,12
1814,태백,12.7,16
1815,통영,17.3,38
1816,파주,14.9,32
1817,포항,20.0,9
1818,함양군,18.7,10
1819,합천,20.4,7
1820,해남,17.0,20
1821,홍성,14.9,16
1822,홍천,15.7,13
1823,흑산도,13.0,52
1824,강릉,19.7,15
1825,강진군,18.4,14
1826,강화,12.0,57
1827,거제,16.4,30
1828,거창,18.8,16
1829,경주시,20.1,11
1830,고산,13.7,39
1831,고창,15.3,5
1832,고창군,16.1,12
1833,고흥,19.5,13
1834,광양시,20.7,15
1835,광주,18.6,4
1836,구미,19.0,13
1837,군산,14.1,18
1838,금산,16.1,12
1839,김해시,18.1,33
1840,남원,16.9,9
1841,남해,20.0,17
1842,대관령,11.1,17
1843,대구,19.4,10
1844,대전,16.9,9
1845,동두천,15.8,17
1846,동해,19.1,11
1847,목포,14.2,22
1848,문경,16.1,12
1849,밀양,21.4,7
1850,백령도,14.1,18
1851,보령,13.4,24
1852,보성군,19.8,18
1853,보은,16.9,15
1854,봉화,15.4,16
1855,부산,16.3,36
1856,부안,14.8,13
1857,부여,16.9,12
1858,북강릉,18.5,11
1859,북부산,18.3,26
1860,북창원,21.6,17
1861,북춘천,15.7,18
1862,산청,18.7,15
1863,상주,18.0,11
1864,서귀포,19.2,37
1865,서산,15.0,21
1866,서울,15.0,19
1867,성산,17.9,16
1868,세종,16.7,13
1869,속초,17.4,13
1870,수원,14.2,23
1871,순창군,16.2,12
1872,순천,17.2,10
1873,안동,17.7,12
1874,양산시,21.6,13
1875,양평,15.6,13
1876,여수,19.6,13
1877,영광군,15.2,13
1878,영덕,18.7,14
1879,영월,15.4,11
1880,영주,15.6,15
1881,영천,19.4,12
1882,완도,18.5,22
1883,울릉도,15.1,39
1884,울산,16.4,27
1885,울진,19.2,12
1886,원주,15.1,13
1887,의령군,21.4,9
1888,의성,18.3,13
1889,이천,16.3,15
1890,인제,15.4,17
1891,인천,11.5,49
1892,임실,16.0,10
1893,장수,15.1,20
1894,장흥,18.6,14
1895,전주,16.3,15
1896,정선군,15.7,17
1897,정읍,15.3,16
1898,제주,18.9,18
1899,제천,14.6,15
1900,진도군,14.5,28
1901,진주,21.5,14
1902,창원,19.5,17
1903,천안,16.6,12
1904,철원,14.6,22
1905,청송군,17.3,8
1906,청주,17.6,11
1907,추풍령,16.4,12
1908,춘천,15.3,14
1909,충주,16.0,12
1910,태백,12.7,16
1911,통영,17.3,38
1912,파주,14.9,32
1913,포항,20.0,9
1914,함양군,18.7,10
1915,합천,20.4,7
1916,해남,17.0,20
1917,홍성,14.9,16
1918,홍천,15.7,13
1919,흑산도,13.0,52
1920,강릉,19.7,15
1921,강진군,18.4,14
1922,강화,12.0,57
1923,거제,16.4,30
1924,거창,18.8,16
1925,경주시,20.1,11
1926,고산,13.7,39
1927,고창,15.3,5
1928,고창군,16.1,12
1929,고흥,19.5,13
1930,광양시,20.7,15
1931,광주,18.6,4
1932,구미,19.0,13
1933,군산,14.1,18
1934,금산,16.1,12
1935,김해시,18.1,33
1936,남원,16.9,9
1937,남해,20.0,17
1938,대관령,11.1,17
1939,대구,19.4,10
1940,대전,16.9,9
1941,동두천,15.8,17
1942,동해,19.1,11
1943,목포,14.2,22
1944,문경,16.1,12
1945,밀양,21.4,7
1946,백령도,14.1,18
1947,보령,13.4,24
1948,보성군,19.8,18
1949,보은,16.9,15
1950,봉화,15.4,16
1951,부산,16.3,36
1952,부안,14.8,13
1953,부여,16.9,12
1954,북강릉,18.5,11
1955,북부산,18.3,26
1956,북창원,21.6,17
1957,북춘천,15.7,18
1958,산청,18.7,15
1959,상주,18.0,11
1960,서귀포,19.2,37
1961,서산,15.0,21
1962,서울,15.0,19
1963,성산,17.9,16
1964,세종,16.7,13
1965,속초,17.4,13
1966,수원,14.2,23
1967,순창군,16.2,12
1968,순천,17.2,10
1969,안동,17.7,12
1970,양산시,21.6,13
1971,양평,15.6,13
1972,여수,19.6,13
1973,영광군,15.2,13
1974,영덕,18.7,14
1975,영월,15.4,11
1976,영주,15.6,15
1977,영천,19.4,12
1978,완도,18.5,22
1979,울릉도,15.1,39
1980,울산,16.4,27
1981,울진,19.2,12
1982,원주,15.1,13
1983,의령군,21.4,9
1984,의성,18.3,13
1985,이천,16.3,15
1986,인제,15.4,17
1987,인천,11.5,49
1988,임실,16.0,10
1989,장수,15.1,20
1990,장흥,18.6,14
1991,전주,16.3,15
1992,정선군,15.7,17
1993,정읍,15.3,16
1994,제주,18.9,18
1995,제천,14.6,15
1996,진도군,14.5,28
1997,진주,21.5,14
1998,창원,19.5,17
1999,천안,16.6,12
2000,철원,14.6,22
2001,청송군,17.3,8
2002,청주,17.6,11
2003,추풍령,16.4,12
2004,춘천,15.3,14
2005,충주,16.0,12
2006,태백,12.7,16
2007,통영,17.3,38
2008,파주,14.9,32
2009,포항,20.0,9
2010,함양군,18.7,10
2011,합천,20.4,7
2012,해남,17.0,20
2013,홍성,14.9,16
2014,홍천,15.7,13
2015,흑산도,13.0,52
2016,강릉,19.7,15
2017,강진군,18.4,14
2018,강화,12.0,57
2019,거제,16.4,30
2020,거창,18.8,16
2021,경주시,20.1,11
2022,고산,13.7,39
2023,고창,15.3,5
2024,고창군,16.1,12
2025,고흥,19.5,13
2026,광양시,20.7,15
2027,광주,18.6,4
2028,구미,19.0,13
2029,군산,14.1,18
2030,금산,16.1,12
2031,김해시,18.1,33
2032,남원,16.9,9
2033,남해,20.0,17
2034,대관령,11.1,17
2035,대구,19.4,10
2036,대전,16.9,9
2037,동두천,15.8,17
2038,동해,19.1,11
2039,목포,14.2,22
2040,문경,16.1,12
2041,밀양,21.4,7
2042,백령도,14.1,18
2043,보령,13.4,24
2044,보성군,19.8,18
2045,보은,16.9,15
2046,봉화,15.4,16
2047,부산,16.3,36
2048,부안,14.8,13
2049,부여,16.9,12
2050,북강릉,18.5,11
2051,북부산,18.3,26
2052,북창원,21.6,17
2053,북춘천,15.7,18
2054,산청,18.7,15
2055,상주,18.0,11
2056,서귀포,19.2,37
2057,서산,15.0,21
2058,서울,15.0,19
2059,성산,17.9,16
2060,세종,16.7,13
2061,속초,17.4,13
2062,수원,14.2,23
2063,순창군,16.2,12
2064,순천,17.2,10
2065,안동,17.7,12
2066,양산시,21.6,13
2067,양평,15.6,13
2068,여수,19.6,13
2069,영광군,15.2,13
2070,영덕,18.7,14
2071,영월,15.4,11
2072,영주,15.6,15
2073,영천,19.4,12
2074,완도,18.5,22
2075,울릉도,15.1,39
2076,울산,16.4,27
2077,울진,19.2,12
2078,원주,15.1,13
2079,의령군,21.4,9
2080,의성,18.3,13
2081,이천,16.3,15
2082,인제,15.4,17
2083,인천,11.5,49
2084,임실,16.0,10
2085,장수,15.1,20
2086,장흥,18.6,14
2087,전주,16.3,15
2088,정선군,15.7,17
2089,정읍,15.3,16
2090,제주,18.9,18
2091,제천,14.6,15
2092,진도군,14.5,28
2093,진주,21.5,14
2094,창원,19.5,17
2095,천안,16.6,12
2096,철원,14.6,22
2097,청송군,17.3,8
2098,청주,17.6,11
2099,추풍령,16.4,12
2100,춘천,15.3,14
2101,충주,16.0,12
2102,태백,12.7,16
2103,통영,17.3,38
2104,파주,14.9,32
2105,포항,20.0,9
2106,함양군,18.7,10
2107,합천,20.4,7
2108,해남,17.0,20
2109,홍성,14.9,16
2110,홍천,15.7,13
2111,흑산도,13.0,52
2112,강릉,19.7,15
2113,강진군,18.4,14
2114,강화,12.0,57
2115,거제,16.4,30
2116,거창,18.8,16
2117,경주시,20.1,11
2118,고산,13.7,39
2119,고창,15.3,5
2120,고창군,16.1,12
2121,고흥,19.5,13
2122,광양시,20.7,15
2123,광주,18.6,4
2124,구미,19.0,13
2125,군산,14.1,18
2126,금산,16.1,12
2127,김해시,18.1,33
2128,남원,16.9,9
2129,남해,20.0,17
2130,대관령,11.1,17
2131,대구,19.4,10
2132,대전,16.9,9
2133,동두천,15.8,17
2134,동해,19.1,11
2135,목포,14.2,22
2136,문경,16.1,12
2137,밀양,21.4,7
2138,백령도,14.1,18
2139,보령,13.4,24
2140,보성군,19.8,18
2141,보은,16.9,15
2142,봉화,15.4,16
2143,부산,16.3,36
2144,부안,14.8,13
2145,부여,16.9,12
2146,북강릉,18.5,11
2147,북부산,18.3,26
2148,북창원,21.6,17
2149,북춘천,15.7,18
2150,산청,18.7,15
2151,상주,18.0,11
2152,서귀포,19.2,37
2153,서산,15.0,21
2154,서울,15.0,19
2155,성산,17.9,16
2156,세종,16.7,13
2157,속초,17.4,13
2158,수원,14.2,23
2159,순창군,16.2,12
2160,순천,17.2,10
2161,안동,17.7,12
2162,양산시,21.6,13
2163,양평,15.6,13
2164,여수,19.6,13
2165,영광군,15.2,13
2166,영덕,18.7,14
2167,영월,15.4,11
2168,영주,15.6,15
2169,영천,19.4,12
2170,완도,18.5,22
2171,울릉도,15.1,39
2172,울산,16.4,27
2173,울진,19.2,12
2174,원주,15.1,13
2175,의령군,21.4,9
2176,의성,18.3,13
2177,이천,16.3,15
2178,인제,15.4,17
2179,인천,11.5,49
2180,임실,16.0,10
2181,장수,15.1,20
2182,장흥,18.6,14
2183,전주,16.3,15
2184,정선군,15.7,17
2185,정읍,15.3,16
2186,제주,18.9,18
2187,제천,14.6,15
2188,진도군,14.5,28
2189,진주,21.5,14
2190,창원,19.5,17
2191,천안,16.6,12
2192,철원,14.6,22
2193,청송군,17.3,8
2194,청주,17.6,11
2195,추풍령,16.4,12
2196,춘천,15.3,14
2197,충주,16.0,12
2198,태백,12.7,16
2199,통영,17.3,38
2200,파주,14.9,32
2201,포항,20.0,9
2202,함양군,18.7,10
2203,합천,20.4,7
2204,해남,17.0,20
2205,홍성,14.9,16
2206,홍천,15.7,13
2207,흑산도,13.0,52
2208,강릉,19.7,15
2209,강진군,18.4,14
2210,강화,12.0,57
2211,거제,16.4,30
2212,거창,18.8,16
2213,경주시,20.1,11
2214,고산,13.7,39
2215,고창,15.3,5
2216,고창군,16.1,12
2217,고흥,19.5,13
2218,광양시,20.7,15
2219,광주,18.6,4
2220,구미,19.0,13
2221,군산,14.1,18
2222,금산,16.1,12
2223,김해시,18.1,33
2224,남원,16.9,9
2225,남해,20.0,17
2226,대관령,11.1,17
2227,대구,19.4,10
2228,대전,16.9,9
2229,동두천,15.8,17
2230,동해,19.1,11
2231,목포,14.2,22
2232,문경,16.1,12
2233,밀양,21.4,7
2234,백령도,14.1,18
2235,보령,13.4,24
2236,보성군,19.8,18
2237,보은,16.9,15
2238,봉화,15.4,16
2239,부산,16.3,36
2240,부안,14.8,13
2241,부여,16.9,12
2242,북강릉,18.5,11
2243,북부산,18.3,26
2244,북창원,21.6,17
2245,북춘천,15.7,18
2246,산청,18.7,15
2247,상주,18.0,11
2248,서귀포,19.2,37
2249,서산,15.0,21
2250,서울,15.0,19
2251,성산,17.9,16
2252,세종,16.7,13
2253,속초,17.4,13
2254,수원,14.2,23
2255,순창군,16.2,12
2256,순천,17.2,10
2257,안동,17.7,12
2258,양산시,21.6,13
2259,양평,15.6,13
2260,여수,19.6,13
2261,영광군,15.2,13
2262,영덕,18.7,14
2263,영월,15.4,11
2264,영주,15.6,15
2265,영천,19.4,12
2266,완도,18.5,22
2267,울릉도,15.1,39
2268,울산,16.4,27
2269,울진,19.2,12
2270,원주,15.1,13
2271,의령군,21.4,9
2272,의성,18.3,13
2273,이천,16.3,15
2274,인제,15.4,17
2275,인천,11.5,49
2276,임실,16.0,10
2277,장수,15.1,20
2278,장흥,18.6,14
2279,전주,16.3,15
2280,정선군,15.7,17
2281,정읍,15.3,16
2282,제주,18.9,18
2283,제천,14.6,15
2284,진도군,14.5,28
2285,진주,21.5,14
2286,창원,19.5,17
2287,천안,16.6,12
2288,철원,14.6,22
2289,청송군,17.3,8
2290,청주,17.6,11
2291,추풍령,16.4,12
2292,춘천,15.3,14
2293,충주,16.0,12
2294,태백,12.7,16
2295,통영,17.3,38
2296,파주,14.9,32
2297,포항,20.0,9
2298,함양군,18.7,10
2299,합천,20.4,7
2300,해남,17.0,20
2301,홍성,14.9,16
2302,홍천,15.7,13
2303,흑산도,13.0,52
2304,강릉,19.7,15
2305,강진군,18.4,14
2306,강화,12.0,57
2307,거제,16.4,30
2308,거창,18.8,16
2309,경주시,20.1,11
2310,고산,13.7,39
2311,고창,15.3,5
2312,고창군,16.1,12
2313,고흥,19.5,13
2314,광양시,20.7,15
2315,광주,18.6,4
2316,구미,19.0,13
2317,군산,14.1,18
2318,금산,16.1,12
2319,김해시,18.1,33
2320,남원,16.9,9
2321,남해,20.0,17
2322,대관령,11.1,17
2323,대구,19.4,10
2324,대전,16.9,9
2325,동두천,15.8,17
2326,동해,19.1,11
2327,목포,14.2,22
2328,문경,16.1,12
2329,밀양,21.4,7
2330,백령도,14.1,18
2331,보령,13.4,24
2332,보성군,19.8,18
2333,보은,16.9,15
2334,봉화,15.4,16
2335,부산,16.3,36
2336,부안,14.8,13
2337,부여,16.9,12
2338,북강릉,18.5,11
2339,북부산,18.3,26
2340,북창원,21.6,17
2341,북춘천,15.7,18
2342,산청,18.7,15
2343,상주,18.0,11
2344,서귀포,19.2,37
2345,서산,15.0,21
2346,서울,15.0,19
2347,성산,17.9,16
2348,세종,16.7,13
2349,속초,17.4,13
2350,수원,14.2,23
2351,순창군,16.2,12
2352,순천,17.2,10
2353,안동,17.7,12
2354,양산시,21.6,13
2355,양평,15.6,13
2356,여수,19.6,13
2357,영광군,15.2,13
2358,영덕,18.7,14
2359,영월,15.4,11
2360,영주,15.6,15
2361,영천,19.4,12
2362,완도,18.5,22
2363,울릉도,15.1,39
2364,울산,16.4,27
2365,울진,19.2,12
2366,원주,15.1,13
2367,의령군,21.4,9
2368,의성,18.3,13
2369,이천,16.3,15
2370,인제,15.4,17
2371,인천,11.5,49
2372,임실,16.0,10
2373,장수,15.1,20
2374,장흥,18.6,14
2375,전주,16.3,15
2376,정선군,15.7,17
2377,정읍,15.3,16
2378,제주,18.9,18
2379,제천,14.6,15
2380,진도군,14.5,28
2381,진주,21.5,14
2382,창원,19.5,17
2383,천안,16.6,12
2384,철원,14.6,22
2385,청송군,17.3,8
2386,청주,17.6,11
2387,추풍령,16.4,12
2388,춘천,15.3,14
2389,충주,16.0,12
2390,태백,12.7,16
2391,통영,17.3,38
2392,파주,14.9,32
2393,포항,20.0,9
2394,함양군,18.7,10
2395,합천,20.4,7
2396,해남,17.0,20
2397,홍성,14.9,16
2398,홍천,15.7,13
2399,흑산도,13.0,52
2400,강릉,19.7,15
2401,강진군,18.4,14
2402,강화,12.0,57
2403,거제,16.4,30
2404,거창,18.8,16
2405,경주시,20.1,11
2406,고산,13.7,39
2407,고창,15.3,5
2408,고창군,16.1,12
2409,고흥,19.5,13
2410,광양시,20.7,15
2411,광주,18.6,4
2412,구미,19.0,13
2413,군산,14.1,18
2414,금산,16.1,12
2415,김해시,18.1,33
2416,남원,16.9,9
2417,남해,20.0,17
2418,대관령,11.1,17
2419,대구,19.4,10
2420,대전,16.9,9
2421,동두천,15.8,17
2422,동해,19.1,11
2423,목포,14.2,22
2424,문경,16.1,12
2425,밀양,21.4,7
2426,백령도,14.1,18
2427,보령,13.4,24
2428,보성군,19.8,18
2429,보은,16.9,15
2430,봉화,15.4,16
2431,부산,16.3,36
2432,부안,14.8,13
2433,부여,16.9,12
2434,북강릉,18.5,11
2435,북부산,18.3,26
2436,북창원,21.6,17
2437,북춘천,15.7,18
2438,산청,18.7,15
2439,상주,18.0,11
2440,서귀포,19.2,37
2441,서산,15.0,21
2442,서울,15.0,19
2443,성산,17.9,16
2444,세종,16.7,13
2445,속초,17.4,13
2446,수원,14.2,23
2447,순창군,16.2,12
2448,순천,17.2,10
2449,안동,17.7,12
2450,양산시,21.6,13
2451,양평,15.6,13
2452,여수,19.6,13
2453,영광군,15.2,13
2454,영덕,18.7,14
2455,영월,15.4,11
2456,영주,15.6,15
2457,영천,19.4,12
2458,완도,18.5,22
2459,울릉도,15.1,39
2460,울산,16.4,27
2461,울진,19.2,12
2462,원주,15.1,13
2463,의령군,21.4,9
2464,의성,18.3,13
2465,이천,16.3,15
2466,인제,15.4,17
2467,인천,11.5,49
2468,임실,16.0,10
2469,장수,15.1,20
2470,장흥,18.6,14
2471,전주,16.3,15
2472,정선군,15.7,17
2473,정읍,15.3,16
2474,제주,18.9,18
2475,제천,14.6,15
2476,진도군,14.5,28
2477,진주,21.5,14
2478,창원,19.5,17
2479,천안,16.6,12
2480,철원,14.6,22
2481,청송군,17.3,8
2482,청주,17.6,11
2483,추풍령,16.4,12
2484,춘천,15.3,14
2485,충주,16.0,12
2486,태백,12.7,16
2487,통영,17.3,38
2488,파주,14.9,32
2489,포항,20.0,9
2490,함양군,18.7,10
2491,합천,20.4,7
2492,해남,17.0,20
2493,홍성,14.9,16
2494,홍천,15.7,13
2495,흑산도,13.0,52
2496,강릉,19.7,15
2497,강진군,18.4,14
2498,강화,12.0,57
2499,거제,16.4,30
2500,거창,18.8,16
2501,경주시,20.1,11
2502,고산,13.7,39
2503,고창,15.3,5
2504,고창군,16.1,12
2505,고흥,19.5,13
2506,광양시,20.7,15
2507,광주,18.6,4
2508,구미,19.0,13
2509,군산,14.1,18
2510,금산,16.1,12
2511,김해시,18.1,33
2512,남원,16.9,9
2513,남해,20.0,17
2514,대관령,11.1,17
2515,대구,19.4,10
2516,대전,16.9,9
2517,동두천,15.8,17
2518,동해,19.1,11
2519,목포,14.2,22
2520,문경,16.1,12
2521,밀양,21.4,7
2522,백령도,14.1,18
2523,보령,13.4,24
2524,보성군,19.8,18
2525,보은,16.9,15
2526,봉화,15.4,16
2527,부산,16.3,36
2528,부안,14.8,13
2529,부여,16.9,12
2530,북강릉,18.5,11
2531,북부산,18.3,26
2532,북창원,21.6,17
2533,북춘천,15.7,18
2534,산청,18.7,15
2535,상주,18.0,11
2536,서귀포,19.2,37
2537,서산,15.0,21
2538,서울,15.0,19
2539,성산,17.9,16
2540,세종,16.7,13
2541,속초,17.4,13
2542,수원,14.2,23
2543,순창군,16.2,12
2544,순천,17.2,10
2545,안동,17.7,12
2546,양산시,21.6,13
2547,양평,15.6,13
2548,여수,19.6,13
2549,영광군,15.2,13
2550,영덕,18.7,14
2551,영월,15.4,11
2552,영주,15.6,15
2553,영천,19.4,12
2554,완도,18.5,22
2555,울릉도,15.1,39
2556,울산,16.4,27
2557,울진,19.2,12
2558,원주,15.1,13
2559,의령군,21.4,9
2560,의성,18.3,13
2561,이천,16.3,15
2562,인제,15.4,17
2563,인천,11.5,49
2564,임실,16.0,10
2565,장수,15.1,20
2566,장흥,18.6,14
2567,전주,16.3,15
2568,정선군,15.7,17
2569,정읍,15.3,16
2570,제주,18.9,18
2571,제천,14.6,15
2572,진도군,14.5,28
2573,진주,21.5,14
2574,창원,19.5,17
2575,천안,16.6,12
2576,철원,14.6,22
2577,청송군,17.3,8
2578,청주,17.6,11
2579,추풍령,16.4,12
2580,춘천,15.3,14
2581,충주,16.0,12
2582,태백,12.7,16
2583,통영,17.3,38
2584,파주,14.9,32
2585,포항,20.0,9
2586,함양군,18.7,10
2587,합천,20.4,7
2588,해남,17.0,20
2589,홍성,14.9,16
2590,홍천,15.7,13
2591,흑산도,13.0,52
2592,강릉,19.7,15
2593,강진군,18.4,14
2594,강화,12.0,57
2595,거제,16.4,30
2596,거창,18.8,16
2597,경주시,20.1,11
2598,고산,13.7,39
2599,고창,15.3,5
2600,고창군,16.1,12
2601,고흥,19.5,13
2602,광양시,20.7,15
2603,광주,18.6,4
2604,구미,19.0,13
2605,군산,14.1,18
2606,금산,16.1,12
2607,김해시,18.1,33
2608,남원,16.9,9
2609,남해,20.0,17
2610,대관령,11.1,17
2611,대구,19.4,10
2612,대전,16.9,9
2613,동두천,15.8,17
2614,동해,19.1,11
2615,목포,14.2,22
2616,문경,16.1,12
2617,밀양,21.4,7
2618,백령도,14.1,18
2619,보령,13.4,24
2620,보성군,19.8,18
2621,보은,16.9,15
2622,봉화,15.4,16
2623,부산,16.3,36
2624,부안,14.8,13
2625,부여,16.9,12
2626,북강릉,18.5,11
2627,북부산,18.3,26
2628,북창원,21.6,17
2629,북춘천,15.7,18
2630,산청,18.7,15
2631,상주,18.0,11
2632,서귀포,19.2,37
2633,서산,15.0,21
2634,서울,15.0,19
2635,성산,17.9,16
2636,세종,16.7,13
2637,속초,17.4,13
2638,수원,14.2,23
2639,순창군,16.2,12
2640,순천,17.2,10
2641,안동,17.7,12
2642,양산시,21.6,13
2643,양평,15.6,13
2644,여수,19.6,13
2645,영광군,15.2,13
2646,영덕,18.7,14
2647,영월,15.4,11
2648,영주,15.6,15
2649,영천,19.4,12
2650,완도,18.5,22
2651,울릉도,15.1,39
2652,울산,16.4,27
2653,울진,19.2,12
2654,원주,15.1,13
2655,의령군,21.4,9
2656,의성,18.3,13
2657,이천,16.3,15
2658,인제,15.4,17
2659,인천,11.5,49
2660,임실,16.0,10
2661,장수,15.1,20
2662,장흥,18.6,14
2663,전주,16.3,15
2664,정선군,15.7,17
2665,정읍,15.3,16
2666,제주,18.9,18
2667,제천,14.6,15
2668,진도군,14.5,28
2669,진주,21.5,14
2670,창원,19.5,17
2671,천안,16.6,12
2672,철원,14.6,22
2673,청송군,17.3,8
2674,청주,17.6,11
2675,추풍령,16.4,12
2676,춘천,15.3,14
2677,충주,16.0,12
2678,태백,12.7,16
2679,통영,17.3,38
2680,파주,14.9,32
2681,포항,20.0,9
2682,함양군,18.7,10
2683,합천,20.4,7
2684,해남,17.0,20
2685,홍성,14.9,16
2686,홍천,15.7,13
2687,흑산도,13.0,52
2688,강릉,19.7,15
2689,강진군,18.4,14
2690,강화,12.0,57
2691,거제,16.4,30
2692,거창,18.8,16
2693,경주시,20.1,11
2694,고산,13.7,39
2695,고창,15.3,5
2696,고창군,16.1,12
2697,고흥,19.5,13
2698,광양시,20.7,15
2699,광주,18.6,4
2700,구미,19.0,13
2701,군산,14.1,18
2702,금산,16.1,12
2703,김해시,18.1,33
2704,남원,16.9,9
2705,남해,20.0,17
2706,대관령,11.1,17
2707,대구,19.4,10
2708,대전,16.9,9
2709,동두천,15.8,17
2710,동해,19.1,11
2711,목포,14.2,22
2712,문경,16.1,12
2713,밀양,21.4,7
2714,백령도,14.1,18
2715,보령,13.4,24
2716,보성군,19.8,18
2717,보은,16.9,15
2718,봉화,15.4,16
2719,부산,16.3,36
2720,부안,14.8,13
2721,부여,16.9,12
2722,북강릉,18.5,11
2723,북부산,18.3,26
2724,북창원,21.6,17
2725,북춘천,15.7,18
2726,산청,18.7,15
2727,상주,18.0,11
2728,서귀포,19.2,37
2729,서산,15.0,21
2730,서울,15.0,19
2731,성산,17.9,16
2732,세종,16.7,13
2733,속초,17.4,13
2734,수원,14.2,23
2735,순창군,16.2,12
2736,순천,17.2,10
2737,안동,17.7,12
2738,양산시,21.6,13
2739,양평,15.6,13
2740,여수,19.6,13
2741,영광군,15.2,13
2742,영덕,18.7,14
2743,영월,15.4,11
2744,영주,15.6,15
2745,영천,19.4,12
2746,완도,18.5,22
2747,울릉도,15.1,39
2748,울산,16.4,27
2749,울진,19.2,12
2750,원주,15.1,13
2751,의령군,21.4,9
2752,의성,18.3,13
2753,이천,16.3,15
2754,인제,15.4,17
2755,인천,11.5,49
2756,임실,16.0,10
2757,장수,15.1,20
2758,장흥,18.6,14
2759,전주,16.3,15
2760,정선군,15.7,17
2761,정읍,15.3,16
2762,제주,18.9,18
2763,제천,14.6,15
2764,진도군,14.5,28
2765,진주,21.5,14
2766,창원,19.5,17
2767,천안,16.6,12
2768,철원,14.6,22
2769,청송군,17.3,8
2770,청주,17.6,11
2771,추풍령,16.4,12
2772,춘천,15.3,14
2773,충주,16.0,12
2774,태백,12.7,16
2775,통영,17.3,38
2776,파주,14.9,32
2777,포항,20.0,9
2778,함양군,18.7,10
2779,합천,20.4,7
2780,해남,17.0,20
2781,홍성,14.9,16
2782,홍천,15.7,13
2783,흑산도,13.0,52
2784,강릉,19.7,15
2785,강진군,18.4,14
2786,강화,12.0,57
2787,거제,16.4,30
2788,거창,18.8,16
2789,경주시,20.1,11
2790,고산,13.7,39
2791,고창,15.3,5
2792,고창군,16.1,12
2793,고흥,19.5,13
2794,광양시,20.7,15
2795,광주,18.6,4
2796,구미,19.0,13
2797,군산,14.1,18
2798,금산,16.1,12
2799,김해시,18.1,33
2800,남원,16.9,9
2801,남해,20.0,17
2802,대관령,11.1,17
2803,대구,19.4,10
2804,대전,16.9,9
2805,동두천,15.8,17
2806,동해,19.1,11
2807,목포,14.2,22
2808,문경,16.1,12
2809,밀양,21.4,7
2810,백령도,14.1,18
2811,보령,13.4,24
2812,보성군,19.8,18
2813,보은,16.9,15
2814,봉화,15.4,16
2815,부산,16.3,36
2816,부안,14.8,13
2817,부여,16.9,12
2818,북강릉,18.5,11
2819,북부산,18.3,26
2820,북창원,21.6,17
2821,북춘천,15.7,18
2822,산청,18.7,15
2823,상주,18.0,11
2824,서귀포,19.2,37
2825,서산,15.0,21
2826,서울,15.0,19
2827,성산,17.9,16
2828,세종,16.7,13
2829,속초,17.4,13
2830,수원,14.2,23
2831,순창군,16.2,12
2832,순천,17.2,10
2833,안동,17.7,12
2834,양산시,21.6,13
2835,양평,15.6,13
2836,여수,19.6,13
2837,영광군,15.2,13
2838,영덕,18.7,14
2839,영월,15.4,11
2840,영주,15.6,15
2841,영천,19.4,12
2842,완도,18.5,22
2843,울릉도,15.1,39
2844,울산,16.4,27
2845,울진,19.2,12
2846,원주,15.1,13
2847,의령군,21.4,9
2848,의성,18.3,13
2849,이천,16.3,15
2850,인제,15.4,17
2851,인천,11.5,49
2852,임실,16.0,10
2853,장수,15.1,20
2854,장흥,18.6,14
2855,전주,16.3,15
2856,정선군,15.7,17
2857,정읍,15.3,16
2858,제주,18.9,18
2859,제천,14.6,15
2860,진도군,14.5,28
2861,진주,21.5,14
2862,창원,19.5,17
2863,천안,16.6,12
2864,철원,14.6,22
2865,청송군,17.3,8
2866,청주,17.6,11
2867,추풍령,16.4,12
2868,춘천,15.3,14
2869,충주,16.0,12
2870,태백,12.7,16
2871,통영,17.3,38
2872,파주,14.9,32
2873,포항,20.0,9
2874,함양군,18.7,10
2875,합천,20.4,7
2876,해남,17.0,20
2877,홍성,14.9,16
2878,홍천,15.7,13
2879,흑산도,13.0,52
2880,강릉,19.7,15
2881,강진군,18.4,14
2882,강화,12.0,57
2883,거제,16.4,30
2884,거창,18.8,16
2885,경주시,20.1,11
2886,고산,13.7,39
2887,고창,15.3,5
2888,고창군,16.1,12
2889,고흥,19.5,13
2890,광양시,20.7,15
2891,광주,18.6,4
2892,구미,19.0,13
2893,군산,14.1,18
2894,금산,16.1,12
2895,김해시,18.1,33
2896,남원,16.9,9
2897,남해,20.0,17
2898,대관령,11.1,17
2899,대구,19.4,10
2900,대전,16.9,9
2901,동두천,15.8,17
2902,동해,19.1,11
2903,목포,14.2,22
2904,문경,16.1,12
2905,밀양,21.4,7
2906,백령도,14.1,18
2907,보령,13.4,24
2908,보성군,19.8,18
2909,보은,16.9,15
2910,봉화,15.4,16
2911,부산,16.3,36
2912,부안,14.8,13
2913,부여,16.9,12
2914,북강릉,18.5,11
2915,북부산,18.3,26
2916,북창원,21.6,17
2917,북춘천,15.7,18
2918,산청,18.7,15
2919,상주,18.0,11
2920,서귀포,19.2,37
2921,서산,15.0,21
2922,서울,15.0,19
2923,성산,17.9,16
2924,세종,16.7,13
2925,속초,17.4,13
2926,수원,14.2,23
2927,순창군,16.2,12
2928,순천,17.2,10
2929,안동,17.7,12
2930,양산시,21.6,13
2931,양평,15.6,13
2932,여수,19.6,13
2933,영광군,15.2,13
2934,영덕,18.7,14
2935,영월,15.4,11
2936,영주,15.6,15
2937,영천,19.4,12
2938,완도,18.5,22
2939,울릉도,15.1,39
2940,울산,16.4,27
2941,울진,19.2,12
2942,원주,15.1,13
2943,의령군,21.4,9
2944,의성,18.3,13
2945,이천,16.3,15
2946,인제,15.4,17
2947,인천,11.5,49
2948,임실,16.0,10
2949,장수,15.1,20
2950,장흥,18.6,14
2951,전주,16.3,15
2952,정선군,15.7,17
2953,정읍,15.3,16
2954,제주,18.9,18
2955,제천,14.6,15
2956,진도군,14.5,28
2957,진주,21.5,14
2958,창원,19.5,17
2959,천안,16.6,12
2960,철원,14.6,22
2961,청송군,17.3,8
2962,청주,17.6,11
2963,추풍령,16.4,12
2964,춘천,15.3,14
2965,충주,16.0,12
2966,태백,12.7,16
2967,통영,17.3,38
2968,파주,14.9,32
2969,포항,20.0,9
2970,함양군,18.7,10
2971,합천,20.4,7
2972,해남,17.0,20
2973,홍성,14.9,16
2974,홍천,15.7,13
2975,흑산도,13.0,52
2976,강릉,19.7,15
2977,강진군,18.4,14
2978,강화,12.0,57
2979,거제,16.4,30
2980,거창,18.8,16
2981,경주시,20.1,11
2982,고산,13.7,39
2983,고창,15.3,5
2984,고창군,16.1,12
2985,고흥,19.5,13
2986,광양시,20.7,15
2987,광주,18.6,4
2988,구미,19.0,13
2989,군산,14.1,18
2990,금산,16.1,12
2991,김해시,18.1,33
2992,남원,16.9,9
2993,남해,20.0,17
2994,대관령,11.1,17
2995,대구,19.4,10
2996,대전,16.9,9
2997,동두천,15.8,17
2998,동해,19.1,11
2999,목포,14.2,22
3000,문경,16.1,12
3001,밀양,21.4,7
3002,백령도,14.1,18
3003,보령,13.4,24
3004,보성군,19.8,18
3005,보은,16.9,15
3006,봉화,15.4,16
3007,부산,16.3,36
3008,부안,14.8,13
3009,부여,16.9,12
3010,북강릉,18.5,11
3011,북부산,18.3,26
3012,북창원,21.6,17
3013,북춘천,15.7,18
3014,산청,18.7,15
3015,상주,18.0,11
3016,서귀포,19.2,37
3017,서산,15.0,21
3018,서울,15.0,19
3019,성산,17.9,16
3020,세종,16.7,13
3021,속초,17.4,13
3022,수원,14.2,23
3023,순창군,16.2,12
3024,순천,17.2,10
3025,안동,17.7,12
3026,양산시,21.6,13
3027,양평,15.6,13
3028,여수,19.6,13
3029,영광군,15.2,13
3030,영덕,18.7,14
3031,영월,15.4,11
3032,영주,15.6,15
3033,영천,19.4,12
3034,완도,18.5,22
3035,울릉도,15.1,39
3036,울산,16.4,27
3037,울진,19.2,12
3038,원주,15.1,13
3039,의령군,21.4,9
3040,의성,18.3,13
3041,이천,16.3,15
3042,인제,15.4,17
3043,인천,11.5,49
3044,임실,16.0,10
3045,장수,15.1,20
3046,장흥,18.6,14
3047,전주,16.3,15
3048,정선군,15.7,17
3049,정읍,15.3,16
3050,제주,18.9,18
3051,제천,14.6,15
3052,진도군,14.5,28
3053,진주,21.5,14
3054,창원,19.5,17
3055,천안,16.6,12
3056,철원,14.6,22
3057,청송군,17.3,8
3058,청주,17.6,11
3059,추풍령,16.4,12
3060,춘천,15.3,14
3061,충주,16.0,12
3062,태백,12.7,16
3063,통영,17.3,38
3064,파주,14.9,32
3065,포항,20.0,9
3066,함양군,18.7,10
3067,합천,20.4,7
3068,해남,17.0,20
3069,홍성,14.9,16
3070,홍천,15.7,13
3071,흑산도,13.0,52
3072,강릉,19.7,15
3073,강진군,18.4,14
3074,강화,12.0,57
3075,거제,16.4,30
3076,거창,18.8,16
3077,경주시,20.1,11
3078,고산,13.7,39
3079,고창,15.3,5
3080,고창군,16.1,12
3081,고흥,19.5,13
3082,광양시,20.7,15
3083,광주,18.6,4
3084,구미,19.0,13
3085,군산,14.1,18
3086,금산,16.1,12
3087,김해시,18.1,33
3088,남원,16.9,9
3089,남해,20.0,17
3090,대관령,11.1,17
3091,대구,19.4,10
3092,대전,16.9,9
3093,동두천,15.8,17
3094,동해,19.1,11
3095,목포,14.2,22
3096,문경,16.1,12
3097,밀양,21.4,7
3098,백령도,14.1,18
3099,보령,13.4,24
3100,보성군,19.8,18
3101,보은,16.9,15
3102,봉화,15.4,16
3103,부산,16.3,36
3104,부안,14.8,13
3105,부여,16.9,12
3106,북강릉,18.5,11
3107,북부산,18.3,26
3108,북창원,21.6,17
3109,북춘천,15.7,18
3110,산청,18.7,15
3111,상주,18.0,11
3112,서귀포,19.2,37
3113,서산,15.0,21
3114,서울,15.0,19
3115,성산,17.9,16
3116,세종,16.7,13
3117,속초,17.4,13
3118,수원,14.2,23
3119,순창군,16.2,12
3120,순천,17.2,10
3121,안동,17.7,12
3122,양산시,21.6,13
3123,양평,15.6,13
3124,여수,19.6,13
3125,영광군,15.2,13
3126,영덕,18.7,14
3127,영월,15.4,11
3128,영주,15.6,15
3129,영천,19.4,12
3130,완도,18.5,22
3131,울릉도,15.1,39
3132,울산,16.4,27
3133,울진,19.2,12
3134,원주,15.1,13
3135,의령군,21.4,9
3136,의성,18.3,13
3137,이천,16.3,15
3138,인제,15.4,17
3139,인천,11.5,49
3140,임실,16.0,10
3141,장수,15.1,20
3142,장흥,18.6,14
3143,전주,16.3,15
3144,정선군,15.7,17
3145,정읍,15.3,16
3146,제주,18.9,18
3147,제천,14.6,15
3148,진도군,14.5,28
3149,진주,21.5,14
3150,창원,19.5,17
3151,천안,16.6,12
3152,철원,14.6,22
3153,청송군,17.3,8
3154,청주,17.6,11
3155,추풍령,16.4,12
3156,춘천,15.3,14
3157,충주,16.0,12
3158,태백,12.7,16
3159,통영,17.3,38
3160,파주,14.9,32
3161,포항,20.0,9
3162,함양군,18.7,10
3163,합천,20.4,7
3164,해남,17.0,20
3165,홍성,14.9,16
3166,홍천,15.7,13
3167,흑산도,13.0,52
3168,강릉,19.7,15
3169,강진군,18.4,14
3170,강화,12.0,57
3171,거제,16.4,30
3172,거창,18.8,16
3173,경주시,20.1,11
3174,고산,13.7,39
3175,고창,15.3,5
3176,고창군,16.1,12
3177,고흥,19.5,13
3178,광양시,20.7,15
3179,광주,18.6,4
3180,구미,19.0,13
3181,군산,14.1,18
3182,금산,16.1,12
3183,김해시,18.1,33
3184,남원,16.9,9
3185,남해,20.0,17
3186,대관령,11.1,17
3187,대구,19.4,10
3188,대전,16.9,9
3189,동두천,15.8,17
3190,동해,19.1,11
3191,목포,14.2,22
3192,문경,16.1,12
3193,밀양,21.4,7
3194,백령도,14.1,18
3195,보령,13.4,24
3196,보성군,19.8,18
3197,보은,16.9,15
3198,봉화,15.4,16
3199,부산,16.3,36
3200,부안,14.8,13
3201,부여,16.9,12
3202,북강릉,18.5,11
3203,북부산,18.3,26
3204,북창원,21.6,17
3205,북춘천,15.7,18
3206,산청,18.7,15
3207,상주,18.0,11
3208,서귀포,19.2,37
3209,서산,15.0,21
3210,서울,15.0,19
3211,성산,17.9,16
3212,세종,16.7,13
3213,속초,17.4,13
3214,수원,14.2,23
3215,순창군,16.2,12
3216,순천,17.2,10
3217,안동,17.7,12
3218,양산시,21.6,13
3219,양평,15.6,13
3220,여수,19.6,13
3221,영광군,15.2,13
3222,영덕,18.7,14
3223,영월,15.4,11
3224,영주,15.6,15
3225,영천,19.4,12
3226,완도,18.5,22
3227,울릉도,15.1,39
3228,울산,16.4,27
3229,울진,19.2,12
3230,원주,15.1,13
3231,의령군,21.4,9
3232,의성,18.3,13
3233,이천,16.3,15
3234,인제,15.4,17
3235,인천,11.5,49
3236,임실,16.0,10
3237,장수,15.1,20
3238,장흥,18.6,14
3239,전주,16.3,15
3240,정선군,15.7,17
3241,정읍,15.3,16
3242,제주,18.9,18
3243,제천,14.6,15
3244,진도군,14.5,28
3245,진주,21.5,14
3246,창원,19.5,17
3247,천안,16.6,12
3248,철원,14.6,22
3249,청송군,17.3,8
3250,청주,17.6,11
3251,추풍령,16.4,12
3252,춘천,15.3,14
3253,충주,16.0,12
3254,태백,12.7,16
3255,통영,17.3,38
3256,파주,14.9,32
3257,포항,20.0,9
3258,함양군,18.7,10
3259,합천,20.4,7
3260,해남,17.0,20
3261,홍성,14.9,16
3262,홍천,15.7,13
3263,흑산도,13.0,52
3264,강릉,19.7,15
3265,강진군,18.4,14
3266,강화,12.0,57
3267,거제,16.4,30
3268,거창,18.8,16
3269,경주시,20.1,11
3270,고산,13.7,39
3271,고창,15.3,5
3272,고창군,16.1,12
3273,고흥,19.5,13
3274,광양시,20.7,15
3275,광주,18.6,4
3276,구미,19.0,13
3277,군산,14.1,18
3278,금산,16.1,12
3279,김해시,18.1,33
3280,남원,16.9,9
3281,남해,20.0,17
3282,대관령,11.1,17
3283,대구,19.4,10
3284,대전,16.9,9
3285,동두천,15.8,17
3286,동해,19.1,11
3287,목포,14.2,22
3288,문경,16.1,12
3289,밀양,21.4,7
3290,백령도,14.1,18
3291,보령,13.4,24
3292,보성군,19.8,18
3293,보은,16.9,15
3294,봉화,15.4,16
3295,부산,16.3,36
3296,부안,14.8,13
3297,부여,16.9,12
3298,북강릉,18.5,11
3299,북부산,18.3,26
3300,북창원,21.6,17
3301,북춘천,15.7,18
3302,산청,18.7,15
3303,상주,18.0,11
3304,서귀포,19.2,37
3305,서산,15.0,21
3306,서울,15.0,19
3307,성산,17.9,16
3308,세종,16.7,13
3309,속초,17.4,13
3310,수원,14.2,23
3311,순창군,16.2,12
3312,순천,17.2,10
3313,안동,17.7,12
3314,양산시,21.6,13
3315,양평,15.6,13
3316,여수,19.6,13
3317,영광군,15.2,13
3318,영덕,18.7,14
3319,영월,15.4,11
3320,영주,15.6,15
3321,영천,19.4,12
3322,완도,18.5,22
3323,울릉도,15.1,39
3324,울산,16.4,27
3325,울진,19.2,12
3326,원주,15.1,13
3327,의령군,21.4,9
3328,의성,18.3,13
3329,이천,16.3,15
3330,인제,15.4,17
3331,인천,11.5,49
3332,임실,16.0,10
3333,장수,15.1,20
3334,장흥,18.6,14
3335,전주,16.3,15
3336,정선군,15.7,17
3337,정읍,15.3,16
3338,제주,18.9,18
3339,제천,14.6,15
3340,진도군,14.5,28
3341,진주,21.5,14
3342,창원,19.5,17
3343,천안,16.6,12
3344,철원,14.6,22
3345,청송군,17.3,8
3346,청주,17.6,11
3347,추풍령,16.4,12
3348,춘천,15.3,14
3349,충주,16.0,12
3350,태백,12.7,16
3351,통영,17.3,38
3352,파주,14.9,32
3353,포항,20.0,9
3354,함양군,18.7,10
3355,합천,20.4,7
3356,해남,17.0,20
3357,홍성,14.9,16
3358,홍천,15.7,13
3359,흑산도,13.0,52
3360,강릉,19.7,15
3361,강진군,18.4,14
3362,강화,12.0,57
3363,거제,16.4,30
3364,거창,18.8,16
3365,경주시,20.1,11
3366,고산,13.7,39
3367,고창,15.3,5
3368,고창군,16.1,12
3369,고흥,19.5,13
3370,광양시,20.7,15
3371,광주,18.6,4
3372,구미,19.0,13
3373,군산,14.1,18
3374,금산,16.1,12
3375,김해시,18.1,33
3376,남원,16.9,9
3377,남해,20.0,17
3378,대관령,11.1,17
3379,대구,19.4,10
3380,대전,16.9,9
3381,동두천,15.8,17
3382,동해,19.1,11
3383,목포,14.2,22
3384,문경,16.1,12
3385,밀양,21.4,7
3386,백령도,14.1,18
3387,보령,13.4,24
3388,보성군,19.8,18
3389,보은,16.9,15
3390,봉화,15.4,16
3391,부산,16.3,36
3392,부안,14.8,13
3393,부여,16.9,12
3394,북강릉,18.5,11
3395,북부산,18.3,26
3396,북창원,21.6,17
3397,북춘천,15.7,18
3398,산청,18.7,15
3399,상주,18.0,11
3400,서귀포,19.2,37
3401,서산,15.0,21
3402,서울,15.0,19
3403,성산,17.9,16
3404,세종,16.7,13
3405,속초,17.4,13
3406,수원,14.2,23
3407,순창군,16.2,12
3408,순천,17.2,10
3409,안동,17.7,12
3410,양산시,21.6,13
3411,양평,15.6,13
3412,여수,19.6,13
3413,영광군,15.2,13
3414,영덕,18.7,14
3415,영월,15.4,11
3416,영주,15.6,15
3417,영천,19.4,12
3418,완도,18.5,22
3419,울릉도,15.1,39
3420,울산,16.4,27
3421,울진,19.2,12
3422,원주,15.1,13
3423,의령군,21.4,9
3424,의성,18.3,13
3425,이천,16.3,15
3426,인제,15.4,17
3427,인천,11.5,49
3428,임실,16.0,10
3429,장수,15.1,20
3430,장흥,18.6,14
3431,전주,16.3,15
3432,정선군,15.7,17
3433,정읍,15.3,16
3434,제주,18.9,18
3435,제천,14.6,15
3436,진도군,14.5,28
3437,진주,21.5,14
3438,창원,19.5,17
3439,천안,16.6,12
3440,철원,14.6,22
3441,청송군,17.3,8
3442,청주,17.6,11
3443,추풍령,16.4,12
3444,춘천,15.3,14
3445,충주,16.0,12
3446,태백,12.7,16
3447,통영,17.3,38
3448,파주,14.9,32
3449,포항,20.0,9
3450,함양군,18.7,10
3451,합천,20.4,7
3452,해남,17.0,20
3453,홍성,14.9,16
3454,홍천,15.7,13
3455,흑산도,13.0,52
3456,강릉,19.7,15
3457,강진군,18.4,14
3458,강화,12.0,57
3459,거제,16.4,30
3460,거창,18.8,16
3461,경주시,20.1,11
3462,고산,13.7,39
3463,고창,15.3,5
3464,고창군,16.1,12
3465,고흥,19.5,13
3466,광양시,20.7,15
3467,광주,18.6,4
3468,구미,19.0,13
3469,군산,14.1,18
3470,금산,16.1,12
3471,김해시,18.1,33
3472,남원,16.9,9
3473,남해,20.0,17
3474,대관령,11.1,17
3475,대구,19.4,10
3476,대전,16.9,9
3477,동두천,15.8,17
3478,동해,19.1,11
3479,목포,14.2,22
3480,문경,16.1,12
3481,밀양,21.4,7
3482,백령도,14.1,18
3483,보령,13.4,24
3484,보성군,19.8,18
3485,보은,16.9,15
3486,봉화,15.4,16
3487,부산,16.3,36
3488,부안,14.8,13
3489,부여,16.9,12
3490,북강릉,18.5,11
3491,북부산,18.3,26
3492,북창원,21.6,17
3493,북춘천,15.7,18
3494,산청,18.7,15
3495,상주,18.0,11
3496,서귀포,19.2,37
3497,서산,15.0,21
3498,서울,15.0,19
3499,성산,17.9,16
3500,세종,16.7,13
3501,속초,17.4,13
3502,수원,14.2,23
3503,순창군,16.2,12
3504,순천,17.2,10
3505,안동,17.7,12
3506,양산시,21.6,13
3507,양평,15.6,13
3508,여수,19.6,13
3509,영광군,15.2,13
3510,영덕,18.7,14
3511,영월,15.4,11
3512,영주,15.6,15
3513,영천,19.4,12
3514,완도,18.5,22
3515,울릉도,15.1,39
3516,울산,16.4,27
3517,울진,19.2,12
3518,원주,15.1,13
3519,의령군,21.4,9
3520,의성,18.3,13
3521,이천,16.3,15
3522,인제,15.4,17
3523,인천,11.5,49
3524,임실,16.0,10
3525,장수,15.1,20
3526,장흥,18.6,14
3527,전주,16.3,15
3528,정선군,15.7,17
3529,정읍,15.3,16
3530,제주,18.9,18
3531,제천,14.6,15
3532,진도군,14.5,28
3533,진주,21.5,14
3534,창원,19.5,17
3535,천안,16.6,12
3536,철원,14.6,22
3537,청송군,17.3,8
3538,청주,17.6,11
3539,추풍령,16.4,12
3540,춘천,15.3,14
3541,충주,16.0,12
3542,태백,12.7,16
3543,통영,17.3,38
3544,파주,14.9,32
3545,포항,20.0,9
3546,함양군,18.7,10
3547,합천,20.4,7
3548,해남,17.0,20
3549,홍성,14.9,16
3550,홍천,15.7,13
3551,흑산도,13.0,52
3552,강릉,19.7,15
3553,강진군,18.4,14
3554,강화,12.0,57
3555,거제,16.4,30
3556,거창,18.8,16
3557,경주시,20.1,11
3558,고산,13.7,39
3559,고창,15.3,5
3560,고창군,16.1,12
3561,고흥,19.5,13
3562,광양시,20.7,15
3563,광주,18.6,4
3564,구미,19.0,13
3565,군산,14.1,18
3566,금산,16.1,12
3567,김해시,18.1,33
3568,남원,16.9,9
3569,남해,20.0,17
3570,대관령,11.1,17
3571,대구,19.4,10
3572,대전,16.9,9
3573,동두천,15.8,17
3574,동해,19.1,11
3575,목포,14.2,22
3576,문경,16.1,12
3577,밀양,21.4,7
3578,백령도,14.1,18
3579,보령,13.4,24
3580,보성군,19.8,18
3581,보은,16.9,15
3582,봉화,15.4,16
3583,부산,16.3,36
3584,부안,14.8,13
3585,부여,16.9,12
3586,북강릉,18.5,11
3587,북부산,18.3,26
3588,북창원,21.6,17
3589,북춘천,15.7,18
3590,산청,18.7,15
3591,상주,18.0,11
3592,서귀포,19.2,37
3593,서산,15.0,21
3594,서울,15.0,19
3595,성산,17.9,16
3596,세종,16.7,13
3597,속초,17.4,13
3598,수원,14.2,23
3599,순창군,16.2,12
3600,순천,17.2,10
3601,안동,17.7,12
3602,양산시,21.6,13
3603,양평,15.6,13
3604,여수,19.6,13
3605,영광군,15.2,13
3606,영덕,18.7,14
3607,영월,15.4,11
3608,영주,15.6,15
3609,영천,19.4,12
3610,완도,18.5,22
3611,울릉도,15.1,39
3612,울산,16.4,27
3613,울진,19.2,12
3614,원주,15.1,13
3615,의령군,21.4,9
3616,의성,18.3,13
3617,이천,16.3,15
3618,인제,15.4,17
3619,인천,11.5,49
3620,임실,16.0,10
3621,장수,15.1,20
3622,장흥,18.6,14
3623,전주,16.3,15
3624,정선군,15.7,17
3625,정읍,15.3,16
3626,제주,18.9,18
3627,제천,14.6,15
3628,진도군,14.5,28
3629,진주,21.5,14
3630,창원,19.5,17
3631,천안,16.6,12
3632,철원,14.6,22
3633,청송군,17.3,8
3634,청주,17.6,11
3635,추풍령,16.4,12
3636,춘천,15.3,14
3637,충주,16.0,12
3638,태백,12.7,16
3639,통영,17.3,38
3640,파주,14.9,32
3641,포항,20.0,9
3642,함양군,18.7,10
3643,합천,20.4,7
3644,해남,17.0,20
3645,홍성,14.9,16
3646,홍천,15.7,13
3647,흑산도,13.0,52
3648,강릉,19.7,15
3649,강진군,18.4,14
3650,강화,12.0,57
3651,거제,16.4,30
3652,거창,18.8,16
3653,경주시,20.1,11
3654,고산,13.7,39
3655,고창,15.3,5
3656,고창군,16.1,12
3657,고흥,19.5,13
3658,광양시,20.7,15
3659,광주,18.6,4
3660,구미,19.0,13
3661,군산,14.1,18
3662,금산,16.1,12
3663,김해시,18.1,33
3664,남원,16.9,9
3665,남해,20.0,17
3666,대관령,11.1,17
3667,대구,19.4,10
3668,대전,16.9,9
3669,동두천,15.8,17
3670,동해,19.1,11
3671,목포,14.2,22
3672,문경,16.1,12
3673,밀양,21.4,7
3674,백령도,14.1,18
3675,보령,13.4,24
3676,보성군,19.8,18
3677,보은,16.9,15
3678,봉화,15.4,16
3679,부산,16.3,36
3680,부안,14.8,13
3681,부여,16.9,12
3682,북강릉,18.5,11
3683,북부산,18.3,26
3684,북창원,21.6,17
3685,북춘천,15.7,18
3686,산청,18.7,15
3687,상주,18.0,11
3688,서귀포,19.2,37
3689,서산,15.0,21
3690,서울,15.0,19
3691,성산,17.9,16
3692,세종,16.7,13
3693,속초,17.4,13
3694,수원,14.2,23
3695,순창군,16.2,12
3696,순천,17.2,10
3697,안동,17.7,12
3698,양산시,21.6,13
3699,양평,15.6,13
3700,여수,19.6,13
3701,영광군,15.2,13
3702,영덕,18.7,14
3703,영월,15.4,11
3704,영주,15.6,15
3705,영천,19.4,12
3706,완도,18.5,22
3707,울릉도,15.1,39
3708,울산,16.4,27
3709,울진,19.2,12
3710,원주,15.1,13
3711,의령군,21.4,9
3712,의성,18.3,13
3713,이천,16.3,15
3714,인제,15.4,17
3715,인천,11.5,49
3716,임실,16.0,10
3717,장수,15.1,20
3718,장흥,18.6,14
3719,전주,16.3,15
3720,정선군,15.7,17
3721,정읍,15.3,16
3722,제주,18.9,18
3723,제천,14.6,15
3724,진도군,14.5,28
3725,진주,21.5,14
3726,창원,19.5,17
3727,천안,16.6,12
3728,철원,14.6,22
3729,청송군,17.3,8
3730,청주,17.6,11
3731,추풍령,16.4,12
3732,춘천,15.3,14
3733,충주,16.0,12
3734,태백,12.7,16
3735,통영,17.3,38
3736,파주,14.9,32
3737,포항,20.0,9
3738,함양군,18.7,10
3739,합천,20.4,7
3740,해남,17.0,20
3741,홍성,14.9,16
3742,홍천,15.7,13
3743,흑산도,13.0,52
3744,강릉,19.7,15
3745,강진군,18.4,14
3746,강화,12.0,57
3747,거제,16.4,30
3748,거창,18.8,16
3749,경주시,20.1,11
3750,고산,13.7,39
3751,고창,15.3,5
3752,고창군,16.1,12
3753,고흥,19.5,13
3754,광양시,20.7,15
3755,광주,18.6,4
3756,구미,19.0,13
3757,군산,14.1,18
3758,금산,16.1,12
3759,김해시,18.1,33
3760,남원,16.9,9
3761,남해,20.0,17
3762,대관령,11.1,17
3763,대구,19.4,10
3764,대전,16.9,9
3765,동두천,15.8,17
3766,동해,19.1,11
3767,목포,14.2,22
3768,문경,16.1,12
3769,밀양,21.4,7
3770,백령도,14.1,18
3771,보령,13.4,24
3772,보성군,19.8,18
3773,보은,16.9,15
3774,봉화,15.4,16
3775,부산,16.3,36
3776,부안,14.8,13
3777,부여,16.9,12
3778,북강릉,18.5,11
3779,북부산,18.3,26
3780,북창원,21.6,17
3781,북춘천,15.7,18
3782,산청,18.7,15
3783,상주,18.0,11
3784,서귀포,19.2,37
3785,서산,15.0,21
3786,서울,15.0,19
3787,성산,17.9,16
3788,세종,16.7,13
3789,속초,17.4,13
3790,수원,14.2,23
3791,순창군,16.2,12
3792,순천,17.2,10
3793,안동,17.7,12
3794,양산시,21.6,13
3795,양평,15.6,13
3796,여수,19.6,13
3797,영광군,15.2,13
3798,영덕,18.7,14
3799,영월,15.4,11
3800,영주,15.6,15
3801,영천,19.4,12
3802,완도,18.5,22
3803,울릉도,15.1,39
3804,울산,16.4,27
3805,울진,19.2,12
3806,원주,15.1,13
3807,의령군,21.4,9
3808,의성,18.3,13
3809,이천,16.3,15
3810,인제,15.4,17
3811,인천,11.5,49
3812,임실,16.0,10
3813,장수,15.1,20
3814,장흥,18.6,14
3815,전주,16.3,15
3816,정선군,15.7,17
3817,정읍,15.3,16
3818,제주,18.9,18
3819,제천,14.6,15
3820,진도군,14.5,28
3821,진주,21.5,14
3822,창원,19.5,17
3823,천안,16.6,12
3824,철원,14.6,22
3825,청송군,17.3,8
3826,청주,17.6,11
3827,추풍령,16.4,12
3828,춘천,15.3,14
3829,충주,16.0,12
3830,태백,12.7,16
3831,통영,17.3,38
3832,파주,14.9,32
3833,포항,20.0,9
3834,함양군,18.7,10
3835,합천,20.4,7
3836,해남,17.0,20
3837,홍성,14.9,16
3838,홍천,15.7,13
3839,흑산도,13.0,52
3840,강릉,19.7,15
3841,강진군,18.4,14
3842,강화,12.0,57
3843,거제,16.4,30
3844,거창,18.8,16
3845,경주시,20.1,11
3846,고산,13.7,39
3847,고창,15.3,5
3848,고창군,16.1,12
3849,고흥,19.5,13
3850,광양시,20.7,15
3851,광주,18.6,4
3852,구미,19.0,13
3853,군산,14.1,18
3854,금산,16.1,12
3855,김해시,18.1,33
3856,남원,16.9,9
3857,남해,20.0,17
3858,대관령,11.1,17
3859,대구,19.4,10
3860,대전,16.9,9
3861,동두천,15.8,17
3862,동해,19.1,11
3863,목포,14.2,22
3864,문경,16.1,12
3865,밀양,21.4,7
3866,백령도,14.1,18
3867,보령,13.4,24
3868,보성군,19.8,18
3869,보은,16.9,15
3870,봉화,15.4,16
3871,부산,16.3,36
3872,부안,14.8,13
3873,부여,16.9,12
3874,북강릉,18.5,11
3875,북부산,18.3,26
3876,북창원,21.6,17
3877,북춘천,15.7,18
3878,산청,18.7,15
3879,상주,18.0,11
3880,서귀포,19.2,37
3881,서산,15.0,21
3882,서울,15.0,19
3883,성산,17.9,16
3884,세종,16.7,13
3885,속초,17.4,13
3886,수원,14.2,23
3887,순창군,16.2,12
3888,순천,17.2,10
3889,안동,17.7,12
3890,양산시,21.6,13
3891,양평,15.6,13
3892,여수,19.6,13
3893,영광군,15.2,13
3894,영덕,18.7,14
3895,영월,15.4,11
3896,영주,15.6,15
3897,영천,19.4,12
3898,완도,18.5,22
3899,울릉도,15.1,39
3900,울산,16.4,27
3901,울진,19.2,12
3902,원주,15.1,13
3903,의령군,21.4,9
3904,의성,18.3,13
3905,이천,16.3,15
3906,인제,15.4,17
3907,인천,11.5,49
3908,임실,16.0,10
3909,장수,15.1,20
3910,장흥,18.6,14
3911,전주,16.3,15
3912,정선군,15.7,17
3913,정읍,15.3,16
3914,제주,18.9,18
3915,제천,14.6,15
3916,진도군,14.5,28
3917,진주,21.5,14
3918,창원,19.5,17
3919,천안,16.6,12
3920,철원,14.6,22
3921,청송군,17.3,8
3922,청주,17.6,11
3923,추풍령,16.4,12
3924,춘천,15.3,14
3925,충주,16.0,12
3926,태백,12.7,16
3927,통영,17.3,38
3928,파주,14.9,32
3929,포항,20.0,9
3930,함양군,18.7,10
3931,합천,20.4,7
3932,해남,17.0,20
3933,홍성,14.9,16
3934,홍천,15.7,13
3935,흑산도,13.0,52
3936,강릉,19.7,15
3937,강진군,18.4,14
3938,강화,12.0,57
3939,거제,16.4,30
3940,거창,18.8,16
3941,경주시,20.1,11
3942,고산,13.7,39
3943,고창,15.3,5
3944,고창군,16.1,12
3945,고흥,19.5,13
3946,광양시,20.7,15
3947,광주,18.6,4
3948,구미,19.0,13
3949,군산,14.1,18
3950,금산,16.1,12
3951,김해시,18.1,33
3952,남원,16.9,9
3953,남해,20.0,17
3954,대관령,11.1,17
3955,대구,19.4,10
3956,대전,16.9,9
3957,동두천,15.8,17
3958,동해,19.1,11
3959,목포,14.2,22
3960,문경,16.1,12
3961,밀양,21.4,7
3962,백령도,14.1,18
3963,보령,13.4,24
3964,보성군,19.8,18
3965,보은,16.9,15
3966,봉화,15.4,16
3967,부산,16.3,36
3968,부안,14.8,13
3969,부여,16.9,12
3970,북강릉,18.5,11
3971,북부산,18.3,26
3972,북창원,21.6,17
3973,북춘천,15.7,18
3974,산청,18.7,15
3975,상주,18.0,11
3976,서귀포,19.2,37
3977,서산,15.0,21
3978,서울,15.0,19
3979,성산,17.9,16
3980,세종,16.7,13
3981,속초,17.4,13
3982,수원,14.2,23
3983,순창군,16.2,12
3984,순천,17.2,10
3985,안동,17.7,12
3986,양산시,21.6,13
3987,양평,15.6,13
3988,여수,19.6,13
3989,영광군,15.2,13
3990,영덕,18.7,14
3991,영월,15.4,11
3992,영주,15.6,15
3993,영천,19.4,12
3994,완도,18.5,22
3995,울릉도,15.1,39
3996,울산,16.4,27
3997,울진,19.2,12
3998,원주,15.1,13
3999,의령군,21.4,9
4000,의성,18.3,13
4001,이천,16.3,15
4002,인제,15.4,17
4003,인천,11.5,49
4004,임실,16.0,10
4005,장수,15.1,20
4006,장흥,18.6,14
4007,전주,16.3,15
4008,정선군,15.7,17
4009,정읍,15.3,16
4010,제주,18.9,18
4011,제천,14.6,15
4012,진도군,14.5,28
4013,진주,21.5,14
4014,창원,19.5,17
4015,천안,16.6,12
4016,철원,14.6,22
4017,청송군,17.3,8
4018,청주,17.6,11
4019,추풍령,16.4,12
4020,춘천,15.3,14
4021,충주,16.0,12
4022,태백,12.7,16
4023,통영,17.3,38
4024,파주,14.9,32
4025,포항,20.0,9
4026,함양군,18.7,10
4027,합천,20.4,7
4028,해남,17.0,20
4029,홍성,14.9,16
4030,홍천,15.7,13
4031,흑산도,13.0,52
4032,강릉,19.7,15
4033,강진군,18.4,14
4034,강화,12.0,57
4035,거제,16.4,30
4036,거창,18.8,16
4037,경주시,20.1,11
4038,고산,13.7,39
4039,고창,15.3,5
4040,고창군,16.1,12
4041,고흥,19.5,13
4042,광양시,20.7,15
4043,광주,18.6,4
4044,구미,19.0,13
4045,군산,14.1,18
4046,금산,16.1,12
4047,김해시,18.1,33
4048,남원,16.9,9
4049,남해,20.0,17
4050,대관령,11.1,17
4051,대구,19.4,10
4052,대전,16.9,9
4053,동두천,15.8,17
4054,동해,19.1,11
4055,목포,14.2,22
4056,문경,16.1,12
4057,밀양,21.4,7
4058,백령도,14.1,18
4059,보령,13.4,24
4060,보성군,19.8,18
4061,보은,16.9,15
4062,봉화,15.4,16
4063,부산,16.3,36
4064,부안,14.8,13
4065,부여,16.9,12
4066,북강릉,18.5,11
4067,북부산,18.3,26
4068,북창원,21.6,17
4069,북춘천,15.7,18
4070,산청,18.7,15
4071,상주,18.0,11
4072,서귀포,19.2,37
4073,서산,15.0,21
4074,서울,15.0,19
4075,성산,17.9,16
4076,세종,16.7,13
4077,속초,17.4,13
4078,수원,14.2,23
4079,순창군,16.2,12
4080,순천,17.2,10
4081,안동,17.7,12
4082,양산시,21.6,13
4083,양평,15.6,13
4084,여수,19.6,13
4085,영광군,15.2,13
4086,영덕,18.7,14
4087,영월,15.4,11
4088,영주,15.6,15
4089,영천,19.4,12
4090,완도,18.5,22
4091,울릉도,15.1,39
4092,울산,16.4,27
4093,울진,19.2,12
4094,원주,15.1,13
4095,의령군,21.4,9
4096,의성,18.3,13
4097,이천,16.3,15
4098,인제,15.4,17
4099,인천,11.5,49
4100,임실,16.0,10
4101,장수,15.1,20
4102,장흥,18.6,14
4103,전주,16.3,15
4104,정선군,15.7,17
4105,정읍,15.3,16
4106,제주,18.9,18
4107,제천,14.6,15
4108,진도군,14.5,28
4109,진주,21.5,14
4110,창원,19.5,17
4111,천안,16.6,12
4112,철원,14.6,22
4113,청송군,17.3,8
4114,청주,17.6,11
4115,추풍령,16.4,12
4116,춘천,15.3,14
4117,충주,16.0,12
4118,태백,12.7,16
4119,통영,17.3,38
4120,파주,14.9,32
4121,포항,20.0,9
4122,함양군,18.7,10
4123,합천,20.4,7
4124,해남,17.0,20
4125,홍성,14.9,16
4126,홍천,15.7,13
4127,흑산도,13.0,52
4128,강릉,19.7,15
4129,강진군,18.4,14
4130,강화,12.0,57
4131,거제,16.4,30
4132,거창,18.8,16
4133,경주시,20.1,11
4134,고산,13.7,39
4135,고창,15.3,5
4136,고창군,16.1,12
4137,고흥,19.5,13
4138,광양시,20.7,15
4139,광주,18.6,4
4140,구미,19.0,13
4141,군산,14.1,18
4142,금산,16.1,12
4143,김해시,18.1,33
4144,남원,16.9,9
4145,남해,20.0,17
4146,대관령,11.1,17
4147,대구,19.4,10
4148,대전,16.9,9
4149,동두천,15.8,17
4150,동해,19.1,11
4151,목포,14.2,22
4152,문경,16.1,12
4153,밀양,21.4,7
4154,백령도,14.1,18
4155,보령,13.4,24
4156,보성군,19.8,18
4157,보은,16.9,15
4158,봉화,15.4,16
4159,부산,16.3,36
4160,부안,14.8,13
4161,부여,16.9,12
4162,북강릉,18.5,11
4163,북부산,18.3,26
4164,북창원,21.6,17
4165,북춘천,15.7,18
4166,산청,18.7,15
4167,상주,18.0,11
4168,서귀포,19.2,37
4169,서산,15.0,21
4170,서울,15.0,19
4171,성산,17.9,16
4172,세종,16.7,13
4173,속초,17.4,13
4174,수원,14.2,23
4175,순창군,16.2,12
4176,순천,17.2,10
4177,안동,17.7,12
4178,양산시,21.6,13
4179,양평,15.6,13
4180,여수,19.6,13
4181,영광군,15.2,13
4182,영덕,18.7,14
4183,영월,15.4,11
4184,영주,15.6,15
4185,영천,19.4,12
4186,완도,18.5,22
4187,울릉도,15.1,39
4188,울산,16.4,27
4189,울진,19.2,12
4190,원주,15.1,13
4191,의령군,21.4,9
4192,의성,18.3,13
4193,이천,16.3,15
4194,인제,15.4,17
4195,인천,11.5,49
4196,임실,16.0,10
4197,장수,15.1,20
4198,장흥,18.6,14
4199,전주,16.3,15
4200,정선군,15.7,17
4201,정읍,15.3,16
4202,제주,18.9,18
4203,제천,14.6,15
4204,진도군,14.5,28
4205,진주,21.5,14
4206,창원,19.5,17
4207,천안,16.6,12
4208,철원,14.6,22
4209,청송군,17.3,8
4210,청주,17.6,11
4211,추풍령,16.4,12
4212,춘천,15.3,14
4213,충주,16.0,12
4214,태백,12.7,16
4215,통영,17.3,38
4216,파주,14.9,32
4217,포항,20.0,9
4218,함양군,18.7,10
4219,합천,20.4,7
4220,해남,17.0,20
4221,홍성,14.9,16
4222,홍천,15.7,13
4223,흑산도,13.0,52
4224,강릉,19.7,15
4225,강진군,18.4,14
4226,강화,12.0,57
4227,거제,16.4,30
4228,거창,18.8,16
4229,경주시,20.1,11
4230,고산,13.7,39
4231,고창,15.3,5
4232,고창군,16.1,12
4233,고흥,19.5,13
4234,광양시,20.7,15
4235,광주,18.6,4
4236,구미,19.0,13
4237,군산,14.1,18
4238,금산,16.1,12
4239,김해시,18.1,33
4240,남원,16.9,9
4241,남해,20.0,17
4242,대관령,11.1,17
4243,대구,19.4,10
4244,대전,16.9,9
4245,동두천,15.8,17
4246,동해,19.1,11
4247,목포,14.2,22
4248,문경,16.1,12
4249,밀양,21.4,7
4250,백령도,14.1,18
4251,보령,13.4,24
4252,보성군,19.8,18
4253,보은,16.9,15
4254,봉화,15.4,16
4255,부산,16.3,36
4256,부안,14.8,13
4257,부여,16.9,12
4258,북강릉,18.5,11
4259,북부산,18.3,26
4260,북창원,21.6,17
4261,북춘천,15.7,18
4262,산청,18.7,15
4263,상주,18.0,11
4264,서귀포,19.2,37
4265,서산,15.0,21
4266,서울,15.0,19
4267,성산,17.9,16
4268,세종,16.7,13
4269,속초,17.4,13
4270,수원,14.2,23
4271,순창군,16.2,12
4272,순천,17.2,10
4273,안동,17.7,12
4274,양산시,21.6,13
4275,양평,15.6,13
4276,여수,19.6,13
4277,영광군,15.2,13
4278,영덕,18.7,14
4279,영월,15.4,11
4280,영주,15.6,15
4281,영천,19.4,12
4282,완도,18.5,22
4283,울릉도,15.1,39
4284,울산,16.4,27
4285,울진,19.2,12
4286,원주,15.1,13
4287,의령군,21.4,9
4288,의성,18.3,13
4289,이천,16.3,15
4290,인제,15.4,17
4291,인천,11.5,49
4292,임실,16.0,10
4293,장수,15.1,20
4294,장흥,18.6,14
4295,전주,16.3,15
4296,정선군,15.7,17
4297,정읍,15.3,16
4298,제주,18.9,18
4299,제천,14.6,15
4300,진도군,14.5,28
4301,진주,21.5,14
4302,창원,19.5,17
4303,천안,16.6,12
4304,철원,14.6,22
4305,청송군,17.3,8
4306,청주,17.6,11
4307,추풍령,16.4,12
4308,춘천,15.3,14
4309,충주,16.0,12
4310,태백,12.7,16
4311,통영,17.3,38
4312,파주,14.9,32
4313,포항,20.0,9
4314,함양군,18.7,10
4315,합천,20.4,7
4316,해남,17.0,20
4317,홍성,14.9,16
4318,홍천,15.7,13
4319,흑산도,13.0,52
4320,강릉,19.7,15
4321,강진군,18.4,14
4322,강화,12.0,57
4323,거제,16.4,30
4324,거창,18.8,16
4325,경주시,20.1,11
4326,고산,13.7,39
4327,고창,15.3,5
4328,고창군,16.1,12
4329,고흥,19.5,13
4330,광양시,20.7,15
4331,광주,18.6,4
4332,구미,19.0,13
4333,군산,14.1,18
4334,금산,16.1,12
4335,김해시,18.1,33
4336,남원,16.9,9
4337,남해,20.0,17
4338,대관령,11.1,17
4339,대구,19.4,10
4340,대전,16.9,9
4341,동두천,15.8,17
4342,동해,19.1,11
4343,목포,14.2,22
4344,문경,16.1,12
4345,밀양,21.4,7
4346,백령도,14.1,18
4347,보령,13.4,24
4348,보성군,19.8,18
4349,보은,16.9,15
4350,봉화,15.4,16
4351,부산,16.3,36
4352,부안,14.8,13
4353,부여,16.9,12
4354,북강릉,18.5,11
4355,북부산,18.3,26
4356,북창원,21.6,17
4357,북춘천,15.7,18
4358,산청,18.7,15
4359,상주,18.0,11
4360,서귀포,19.2,37
4361,서산,15.0,21
4362,서울,15.0,19
4363,성산,17.9,16
4364,세종,16.7,13
4365,속초,17.4,13
4366,수원,14.2,23
4367,순창군,16.2,12
4368,순천,17.2,10
4369,안동,17.7,12
4370,양산시,21.6,13
4371,양평,15.6,13
4372,여수,19.6,13
4373,영광군,15.2,13
4374,영덕,18.7,14
4375,영월,15.4,11
4376,영주,15.6,15
4377,영천,19.4,12
4378,완도,18.5,22
4379,울릉도,15.1,39
4380,울산,16.4,27
4381,울진,19.2,12
4382,원주,15.1,13
4383,의령군,21.4,9
4384,의성,18.3,13
4385,이천,16.3,15
4386,인제,15.4,17
4387,인천,11.5,49
4388,임실,16.0,10
4389,장수,15.1,20
4390,장흥,18.6,14
4391,전주,16.3,15
4392,정선군,15.7,17
4393,정읍,15.3,16
4394,제주,18.9,18
4395,제천,14.6,15
4396,진도군,14.5,28
4397,진주,21.5,14
4398,창원,19.5,17
4399,천안,16.6,12
4400,철원,14.6,22
4401,청송군,17.3,8
4402,청주,17.6,11
4403,추풍령,16.4,12
4404,춘천,15.3,14
4405,충주,16.0,12
4406,태백,12.7,16
4407,통영,17.3,38
4408,파주,14.9,32
4409,포항,20.0,9
4410,함양군,18.7,10
4411,합천,20.4,7
4412,해남,17.0,20
4413,홍성,14.9,16
4414,홍천,15.7,13
4415,흑산도,13.0,52
4416,강릉,19.7,15
4417,강진군,18.4,14
4418,강화,12.0,57
4419,거제,16.4,30
4420,거창,18.8,16
4421,경주시,20.1,11
4422,고산,13.7,39
4423,고창,15.3,5
4424,고창군,16.1,12
4425,고흥,19.5,13
4426,광양시,20.7,15
4427,광주,18.6,4
4428,구미,19.0,13
4429,군산,14.1,18
4430,금산,16.1,12
4431,김해시,18.1,33
4432,남원,16.9,9
4433,남해,20.0,17
4434,대관령,11.1,17
4435,대구,19.4,10
4436,대전,16.9,9
4437,동두천,15.8,17
4438,동해,19.1,11
4439,목포,14.2,22
4440,문경,16.1,12
4441,밀양,21.4,7
4442,백령도,14.1,18
4443,보령,13.4,24
4444,보성군,19.8,18
4445,보은,16.9,15
4446,봉화,15.4,16
4447,부산,16.3,36
4448,부안,14.8,13
4449,부여,16.9,12
4450,북강릉,18.5,11
4451,북부산,18.3,26
4452,북창원,21.6,17
4453,북춘천,15.7,18
4454,산청,18.7,15
4455,상주,18.0,11
4456,서귀포,19.2,37
4457,서산,15.0,21
4458,서울,15.0,19
4459,성산,17.9,16
4460,세종,16.7,13
4461,속초,17.4,13
4462,수원,14.2,23
4463,순창군,16.2,12
4464,순천,17.2,10
4465,안동,17.7,12
4466,양산시,21.6,13
4467,양평,15.6,13
4468,여수,19.6,13
4469,영광군,15.2,13
4470,영덕,18.7,14
4471,영월,15.4,11
4472,영주,15.6,15
4473,영천,19.4,12
4474,완도,18.5,22
4475,울릉도,15.1,39
4476,울산,16.4,27
4477,울진,19.2,12
4478,원주,15.1,13
4479,의령군,21.4,9
4480,의성,18.3,13
4481,이천,16.3,15
4482,인제,15.4,17
4483,인천,11.5,49
4484,임실,16.0,10
4485,장수,15.1,20
4486,장흥,18.6,14
4487,전주,16.3,15
4488,정선군,15.7,17
4489,정읍,15.3,16
4490,제주,18.9,18
4491,제천,14.6,15
4492,진도군,14.5,28
4493,진주,21.5,14
4494,창원,19.5,17
4495,천안,16.6,12
4496,철원,14.6,22
4497,청송군,17.3,8
4498,청주,17.6,11
4499,추풍령,16.4,12
4500,춘천,15.3,14
4501,충주,16.0,12
4502,태백,12.7,16
4503,통영,17.3,38
4504,파주,14.9,32
4505,포항,20.0,9
4506,함양군,18.7,10
4507,합천,20.4,7
4508,해남,17.0,20
4509,홍성,14.9,16
4510,홍천,15.7,13
4511,흑산도,13.0,52
4512,강릉,19.7,15
4513,강진군,18.4,14
4514,강화,12.0,57
4515,거제,16.4,30
4516,거창,18.8,16
4517,경주시,20.1,11
4518,고산,13.7,39
4519,고창,15.3,5
4520,고창군,16.1,12
4521,고흥,19.5,13
4522,광양시,20.7,15
4523,광주,18.6,4
4524,구미,19.0,13
4525,군산,14.1,18
4526,금산,16.1,12
4527,김해시,18.1,33
4528,남원,16.9,9
4529,남해,20.0,17
4530,대관령,11.1,17
4531,대구,19.4,10
4532,대전,16.9,9
4533,동두천,15.8,17
4534,동해,19.1,11
4535,목포,14.2,22
4536,문경,16.1,12
4537,밀양,21.4,7
4538,백령도,14.1,18
4539,보령,13.4,24
4540,보성군,19.8,18
4541,보은,16.9,15
4542,봉화,15.4,16
4543,부산,16.3,36
4544,부안,14.8,13
4545,부여,16.9,12
4546,북강릉,18.5,11
4547,북부산,18.3,26
4548,북창원,21.6,17
4549,북춘천,15.7,18
4550,산청,18.7,15
4551,상주,18.0,11
4552,서귀포,19.2,37
4553,서산,15.0,21
4554,서울,15.0,19
4555,성산,17.9,16
4556,세종,16.7,13
4557,속초,17.4,13
4558,수원,14.2,23
4559,순창군,16.2,12
4560,순천,17.2,10
4561,안동,17.7,12
4562,양산시,21.6,13
4563,양평,15.6,13
4564,여수,19.6,13
4565,영광군,15.2,13
4566,영덕,18.7,14
4567,영월,15.4,11
4568,영주,15.6,15
4569,영천,19.4,12
4570,완도,18.5,22
4571,울릉도,15.1,39
4572,울산,16.4,27
4573,울진,19.2,12
4574,원주,15.1,13
4575,의령군,21.4,9
4576,의성,18.3,13
4577,이천,16.3,15
4578,인제,15.4,17
4579,인천,11.5,49
4580,임실,16.0,10
4581,장수,15.1,20
4582,장흥,18.6,14
4583,전주,16.3,15
4584,정선군,15.7,17
4585,정읍,15.3,16
4586,제주,18.9,18
4587,제천,14.6,15
4588,진도군,14.5,28
4589,진주,21.5,14
4590,창원,19.5,17
4591,천안,16.6,12
4592,철원,14.6,22
4593,청송군,17.3,8
4594,청주,17.6,11
4595,추풍령,16.4,12
4596,춘천,15.3,14
4597,충주,16.0,12
4598,태백,12.7,16
4599,통영,17.3,38
4600,파주,14.9,32
4601,포항,20.0,9
4602,함양군,18.7,10
4603,합천,20.4,7
4604,해남,17.0,20
4605,홍성,14.9,16
4606,홍천,15.7,13
4607,흑산도,13.0,52
4608,강릉,19.7,15
4609,강진군,18.4,14
4610,강화,12.0,57
4611,거제,16.4,30
4612,거창,18.8,16
4613,경주시,20.1,11
4614,고산,13.7,39
4615,고창,15.3,5
4616,고창군,16.1,12
4617,고흥,19.5,13
4618,광양시,20.7,15
4619,광주,18.6,4
4620,구미,19.0,13
4621,군산,14.1,18
4622,금산,16.1,12
4623,김해시,18.1,33
4624,남원,16.9,9
4625,남해,20.0,17
4626,대관령,11.1,17
4627,대구,19.4,10
4628,대전,16.9,9
4629,동두천,15.8,17
4630,동해,19.1,11
4631,목포,14.2,22
4632,문경,16.1,12
4633,밀양,21.4,7
4634,백령도,14.1,18
4635,보령,13.4,24
4636,보성군,19.8,18
4637,보은,16.9,15
4638,봉화,15.4,16
4639,부산,16.3,36
4640,부안,14.8,13
4641,부여,16.9,12
4642,북강릉,18.5,11
4643,북부산,18.3,26
4644,북창원,21.6,17
4645,북춘천,15.7,18
4646,산청,18.7,15
4647,상주,18.0,11
4648,서귀포,19.2,37
4649,서산,15.0,21
4650,서울,15.0,19
4651,성산,17.9,16
4652,세종,16.7,13
4653,속초,17.4,13
4654,수원,14.2,23
4655,순창군,16.2,12
4656,순천,17.2,10
4657,안동,17.7,12
4658,양산시,21.6,13
4659,양평,15.6,13
4660,여수,19.6,13
4661,영광군,15.2,13
4662,영덕,18.7,14
4663,영월,15.4,11
4664,영주,15.6,15
4665,영천,19.4,12
4666,완도,18.5,22
4667,울릉도,15.1,39
4668,울산,16.4,27
4669,울진,19.2,12
4670,원주,15.1,13
4671,의령군,21.4,9
4672,의성,18.3,13
4673,이천,16.3,15
4674,인제,15.4,17
4675,인천,11.5,49
4676,임실,16.0,10
4677,장수,15.1,20
4678,장흥,18.6,14
4679,전주,16.3,15
4680,정선군,15.7,17
4681,정읍,15.3,16
4682,제주,18.9,18
4683,제천,14.6,15
4684,진도군,14.5,28
4685,진주,21.5,14
4686,창원,19.5,17
4687,천안,16.6,12
4688,철원,14.6,22
4689,청송군,17.3,8
4690,청주,17.6,11
4691,추풍령,16.4,12
4692,춘천,15.3,14
4693,충주,16.0,12
4694,태백,12.7,16
4695,통영,17.3,38
4696,파주,14.9,32
4697,포항,20.0,9
4698,함양군,18.7,10
4699,합천,20.4,7
4700,해남,17.0,20
4701,홍성,14.9,16
4702,홍천,15.7,13
4703,흑산도,13.0,52
4704,강릉,19.7,15
4705,강진군,18.4,14
4706,강화,12.0,57
4707,거제,16.4,30
4708,거창,18.8,16
4709,경주시,20.1,11
4710,고산,13.7,39
4711,고창,15.3,5
4712,고창군,16.1,12
4713,고흥,19.5,13
4714,광양시,20.7,15
4715,광주,18.6,4
4716,구미,19.0,13
4717,군산,14.1,18
4718,금산,16.1,12
4719,김해시,18.1,33
4720,남원,16.9,9
4721,남해,20.0,17
4722,대관령,11.1,17
4723,대구,19.4,10
4724,대전,16.9,9
4725,동두천,15.8,17
4726,동해,19.1,11
4727,목포,14.2,22
4728,문경,16.1,12
4729,밀양,21.4,7
4730,백령도,14.1,18
4731,보령,13.4,24
4732,보성군,19.8,18
4733,보은,16.9,15
4734,봉화,15.4,16
4735,부산,16.3,36
4736,부안,14.8,13
4737,부여,16.9,12
4738,북강릉,18.5,11
4739,북부산,18.3,26
4740,북창원,21.6,17
4741,북춘천,15.7,18
4742,산청,18.7,15
4743,상주,18.0,11
4744,서귀포,19.2,37
4745,서산,15.0,21
4746,서울,15.0,19
4747,성산,17.9,16
4748,세종,16.7,13
4749,속초,17.4,13
4750,수원,14.2,23
4751,순창군,16.2,12
4752,순천,17.2,10
4753,안동,17.7,12
4754,양산시,21.6,13
4755,양평,15.6,13
4756,여수,19.6,13
4757,영광군,15.2,13
4758,영덕,18.7,14
4759,영월,15.4,11
4760,영주,15.6,15
4761,영천,19.4,12
4762,완도,18.5,22
4763,울릉도,15.1,39
4764,울산,16.4,27
4765,울진,19.2,12
4766,원주,15.1,13
4767,의령군,21.4,9
4768,의성,18.3,13
4769,이천,16.3,15
4770,인제,15.4,17
4771,인천,11.5,49
4772,임실,16.0,10
4773,장수,15.1,20
4774,장흥,18.6,14
4775,전주,16.3,15
4776,정선군,15.7,17
4777,정읍,15.3,16
4778,제주,18.9,18
4779,제천,14.6,15
4780,진도군,14.5,28
4781,진주,21.5,14
4782,창원,19.5,17
4783,천안,16.6,12
4784,철원,14.6,22
4785,청송군,17.3,8
4786,청주,17.6,11
4787,추풍령,16.4,12
4788,춘천,15.3,14
4789,충주,16.0,12
4790,태백,12.7,16
4791,통영,17.3,38
4792,파주,14.9,32
4793,포항,20.0,9
4794,함양군,18.7,10
4795,합천,20.4,7
4796,해남,17.0,20
4797,홍성,14.9,16
4798,홍천,15.7,13
4799,흑산도,13.0,52
4800,강릉,19.7,15
4801,강진군,18.4,14
4802,강화,12.0,57
4803,거제,16.4,30
4804,거창,18.8,16
4805,경주시,20.1,11
4806,고산,13.7,39
4807,고창,15.3,5
4808,고창군,16.1,12
4809,고흥,19.5,13
4810,광양시,20.7,15
4811,광주,18.6,4
4812,구미,19.0,13
4813,군산,14.1,18
4814,금산,16.1,12
4815,김해시,18.1,33
4816,남원,16.9,9
4817,남해,20.0,17
4818,대관령,11.1,17
4819,대구,19.4,10
4820,대전,16.9,9
4821,동두천,15.8,17
4822,동해,19.1,11
4823,목포,14.2,22
4824,문경,16.1,12
4825,밀양,21.4,7
4826,백령도,14.1,18
4827,보령,13.4,24
4828,보성군,19.8,18
4829,보은,16.9,15
4830,봉화,15.4,16
4831,부산,16.3,36
4832,부안,14.8,13
4833,부여,16.9,12
4834,북강릉,18.5,11
4835,북부산,18.3,26
4836,북창원,21.6,17
4837,북춘천,15.7,18
4838,산청,18.7,15
4839,상주,18.0,11
4840,서귀포,19.2,37
4841,서산,15.0,21
4842,서울,15.0,19
4843,성산,17.9,16
4844,세종,16.7,13
4845,속초,17.4,13
4846,수원,14.2,23
4847,순창군,16.2,12
4848,순천,17.2,10
4849,안동,17.7,12
4850,양산시,21.6,13
4851,양평,15.6,13
4852,여수,19.6,13
4853,영광군,15.2,13
4854,영덕,18.7,14
4855,영월,15.4,11
4856,영주,15.6,15
4857,영천,19.4,12
4858,완도,18.5,22
4859,울릉도,15.1,39
4860,울산,16.4,27
4861,울진,19.2,12
4862,원주,15.1,13
4863,의령군,21.4,9
4864,의성,18.3,13
4865,이천,16.3,15
4866,인제,15.4,17
4867,인천,11.5,49
4868,임실,16.0,10
4869,장수,15.1,20
4870,장흥,18.6,14
4871,전주,16.3,15
4872,정선군,15.7,17
4873,정읍,15.3,16
4874,제주,18.9,18
4875,제천,14.6,15
4876,진도군,14.5,28
4877,진주,21.5,14
4878,창원,19.5,17
4879,천안,16.6,12
4880,철원,14.6,22
4881,청송군,17.3,8
4882,청주,17.6,11
4883,추풍령,16.4,12
4884,춘천,15.3,14
4885,충주,16.0,12
4886,태백,12.7,16
4887,통영,17.3,38
4888,파주,14.9,32
4889,포항,20.0,9
4890,함양군,18.7,10
4891,합천,20.4,7
4892,해남,17.0,20
4893,홍성,14.9,16
4894,홍천,15.7,13
4895,흑산도,13.0,52
4896,강릉,19.7,15
4897,강진군,18.4,14
4898,강화,12.0,57
4899,거제,16.4,30
4900,거창,18.8,16
4901,경주시,20.1,11
4902,고산,13.7,39
4903,고창,15.3,5
4904,고창군,16.1,12
4905,고흥,19.5,13
4906,광양시,20.7,15
4907,광주,18.6,4
4908,구미,19.0,13
4909,군산,14.1,18
4910,금산,16.1,12
4911,김해시,18.1,33
4912,남원,16.9,9
4913,남해,20.0,17
4914,대관령,11.1,17
4915,대구,19.4,10
4916,대전,16.9,9
4917,동두천,15.8,17
4918,동해,19.1,11
4919,목포,14.2,22
4920,문경,16.1,12
4921,밀양,21.4,7
4922,백령도,14.1,18
4923,보령,13.4,24
4924,보성군,19.8,18
4925,보은,16.9,15
4926,봉화,15.4,16
4927,부산,16.3,36
4928,부안,14.8,13
4929,부여,16.9,12
4930,북강릉,18.5,11
4931,북부산,18.3,26
4932,북창원,21.6,17
4933,북춘천,15.7,18
4934,산청,18.7,15
4935,상주,18.0,11
4936,서귀포,19.2,37
4937,서산,15.0,21
4938,서울,15.0,19
4939,성산,17.9,16
4940,세종,16.7,13
4941,속초,17.4,13
4942,수원,14.2,23
4943,순창군,16.2,12
4944,순천,17.2,10
4945,안동,17.7,12
4946,양산시,21.6,13
4947,양평,15.6,13
4948,여수,19.6,13
4949,영광군,15.2,13
4950,영덕,18.7,14
4951,영월,15.4,11
4952,영주,15.6,15
4953,영천,19.4,12
4954,완도,18.5,22
4955,울릉도,15.1,39
4956,울산,16.4,27
4957,울진,19.2,12
4958,원주,15.1,13
4959,의령군,21.4,9
4960,의성,18.3,13
4961,이천,16.3,15
4962,인제,15.4,17
4963,인천,11.5,49
4964,임실,16.0,10
4965,장수,15.1,20
4966,장흥,18.6,14
4967,전주,16.3,15
4968,정선군,15.7,17
4969,정읍,15.3,16
4970,제주,18.9,18
4971,제천,14.6,15
4972,진도군,14.5,28
4973,진주,21.5,14
4974,창원,19.5,17
4975,천안,16.6,12
4976,철원,14.6,22
4977,청송군,17.3,8
4978,청주,17.6,11
4979,추풍령,16.4,12
4980,춘천,15.3,14
4981,충주,16.0,12
4982,태백,12.7,16
4983,통영,17.3,38
4984,파주,14.9,32
4985,포항,20.0,9
4986,함양군,18.7,10
4987,합천,20.4,7
4988,해남,17.0,20
4989,홍성,14.9,16
4990,홍천,15.7,13
4991,흑산도,13.0,52
4992,강릉,19.7,15
4993,강진군,18.4,14
4994,강화,12.0,57
4995,거제,16.4,30
4996,거창,18.8,16
4997,경주시,20.1,11
4998,고산,13.7,39
4999,고창,15.3,5
5000,고창군,16.1,12
5001,고흥,19.5,13
5002,광양시,20.7,15
5003,광주,18.6,4
5004,구미,19.0,13
5005,군산,14.1,18
5006,금산,16.1,12
5007,김해시,18.1,33
5008,남원,16.9,9
5009,남해,20.0,17
5010,대관령,11.1,17
5011,대구,19.4,10
5012,대전,16.9,9
5013,동두천,15.8,17
5014,동해,19.1,11
5015,목포,14.2,22
5016,문경,16.1,12
5017,밀양,21.4,7
5018,백령도,14.1,18
5019,보령,13.4,24
5020,보성군,19.8,18
5021,보은,16.9,15
5022,봉화,15.4,16
5023,부산,16.3,36
5024,부안,14.8,13
5025,부여,16.9,12
5026,북강릉,18.5,11
5027,북부산,18.3,26
5028,북창원,21.6,17
5029,북춘천,15.7,18
5030,산청,18.7,15
5031,상주,18.0,11
5032,서귀포,19.2,37
5033,서산,15.0,21
5034,서울,15.0,19
5035,성산,17.9,16
5036,세종,16.7,13
5037,속초,17.4,13
5038,수원,14.2,23
5039,순창군,16.2,12
5040,순천,17.2,10
5041,안동,17.7,12
5042,양산시,21.6,13
5043,양평,15.6,13
5044,여수,19.6,13
5045,영광군,15.2,13
5046,영덕,18.7,14
5047,영월,15.4,11
5048,영주,15.6,15
5049,영천,19.4,12
5050,완도,18.5,22
5051,울릉도,15.1,39
5052,울산,16.4,27
5053,울진,19.2,12
5054,원주,15.1,13
5055,의령군,21.4,9
5056,의성,18.3,13
5057,이천,16.3,15
5058,인제,15.4,17
5059,인천,11.5,49
5060,임실,16.0,10
5061,장수,15.1,20
5062,장흥,18.6,14
5063,전주,16.3,15
5064,정선군,15.7,17
5065,정읍,15.3,16
5066,제주,18.9,18
5067,제천,14.6,15
5068,진도군,14.5,28
5069,진주,21.5,14
5070,창원,19.5,17
5071,천안,16.6,12
5072,철원,14.6,22
5073,청송군,17.3,8
5074,청주,17.6,11
5075,추풍령,16.4,12
5076,춘천,15.3,14
5077,충주,16.0,12
5078,태백,12.7,16
5079,통영,17.3,38
5080,파주,14.9,32
5081,포항,20.0,9
5082,함양군,18.7,10
5083,합천,20.4,7
5084,해남,17.0,20
5085,홍성,14.9,16
5086,홍천,15.7,13
5087,흑산도,13.0,52
5088,강릉,19.7,15
5089,강진군,18.4,14
5090,강화,12.0,57
5091,거제,16.4,30
5092,거창,18.8,16
5093,경주시,20.1,11
5094,고산,13.7,39
5095,고창,15.3,5
5096,고창군,16.1,12
5097,고흥,19.5,13
5098,광양시,20.7,15
5099,광주,18.6,4
5100,구미,19.0,13
5101,군산,14.1,18
5102,금산,16.1,12
5103,김해시,18.1,33
5104,남원,16.9,9
5105,남해,20.0,17
5106,대관령,11.1,17
5107,대구,19.4,10
5108,대전,16.9,9
5109,동두천,15.8,17
5110,동해,19.1,11
5111,목포,14.2,22
5112,문경,16.1,12
5113,밀양,21.4,7
5114,백령도,14.1,18
5115,보령,13.4,24
5116,보성군,19.8,18
5117,보은,16.9,15
5118,봉화,15.4,16
5119,부산,16.3,36
5120,부안,14.8,13
5121,부여,16.9,12
5122,북강릉,18.5,11
5123,북부산,18.3,26
5124,북창원,21.6,17
5125,북춘천,15.7,18
5126,산청,18.7,15
5127,상주,18.0,11
5128,서귀포,19.2,37
5129,서산,15.0,21
5130,서울,15.0,19
5131,성산,17.9,16
5132,세종,16.7,13
5133,속초,17.4,13
5134,수원,14.2,23
5135,순창군,16.2,12
5136,순천,17.2,10
5137,안동,17.7,12
5138,양산시,21.6,13
5139,양평,15.6,13
5140,여수,19.6,13
5141,영광군,15.2,13
5142,영덕,18.7,14
5143,영월,15.4,11
5144,영주,15.6,15
5145,영천,19.4,12
5146,완도,18.5,22
5147,울릉도,15.1,39
5148,울산,16.4,27
5149,울진,19.2,12
5150,원주,15.1,13
5151,의령군,21.4,9
5152,의성,18.3,13
5153,이천,16.3,15
5154,인제,15.4,17
5155,인천,11.5,49
5156,임실,16.0,10
5157,장수,15.1,20
5158,장흥,18.6,14
5159,전주,16.3,15
5160,정선군,15.7,17
5161,정읍,15.3,16
5162,제주,18.9,18
5163,제천,14.6,15
5164,진도군,14.5,28
5165,진주,21.5,14
5166,창원,19.5,17
5167,천안,16.6,12
5168,철원,14.6,22
5169,청송군,17.3,8
5170,청주,17.6,11
5171,추풍령,16.4,12
5172,춘천,15.3,14
5173,충주,16.0,12
5174,태백,12.7,16
5175,통영,17.3,38
5176,파주,14.9,32
5177,포항,20.0,9
5178,함양군,18.7,10
5179,합천,20.4,7
5180,해남,17.0,20
5181,홍성,14.9,16
5182,홍천,15.7,13
5183,흑산도,13.0,52
5184,강릉,19.7,15
5185,강진군,18.4,14
5186,강화,12.0,57
5187,거제,16.4,30
5188,거창,18.8,16
5189,경주시,20.1,11
5190,고산,13.7,39
5191,고창,15.3,5
5192,고창군,16.1,12
5193,고흥,19.5,13
5194,광양시,20.7,15
5195,광주,18.6,4
5196,구미,19.0,13
5197,군산,14.1,18
5198,금산,16.1,12
5199,김해시,18.1,33
5200,남원,16.9,9
5201,남해,20.0,17
5202,대관령,11.1,17
5203,대구,19.4,10
5204,대전,16.9,9
5205,동두천,15.8,17
5206,동해,19.1,11
5207,목포,14.2,22
5208,문경,16.1,12
5209,밀양,21.4,7
5210,백령도,14.1,18
5211,보령,13.4,24
5212,보성군,19.8,18
5213,보은,16.9,15
5214,봉화,15.4,16
5215,부산,16.3,36
5216,부안,14.8,13
5217,부여,16.9,12
5218,북강릉,18.5,11
5219,북부산,18.3,26
5220,북창원,21.6,17
5221,북춘천,15.7,18
5222,산청,18.7,15
5223,상주,18.0,11
5224,서귀포,19.2,37
5225,서산,15.0,21
5226,서울,15.0,19
5227,성산,17.9,16
5228,세종,16.7,13
5229,속초,17.4,13
5230,수원,14.2,23
5231,순창군,16.2,12
5232,순천,17.2,10
5233,안동,17.7,12
5234,양산시,21.6,13
5235,양평,15.6,13
5236,여수,19.6,13
5237,영광군,15.2,13
5238,영덕,18.7,14
5239,영월,15.4,11
5240,영주,15.6,15
5241,영천,19.4,12
5242,완도,18.5,22
5243,울릉도,15.1,39
5244,울산,16.4,27
5245,울진,19.2,12
5246,원주,15.1,13
5247,의령군,21.4,9
5248,의성,18.3,13
5249,이천,16.3,15
5250,인제,15.4,17
5251,인천,11.5,49
5252,임실,16.0,10
5253,장수,15.1,20
5254,장흥,18.6,14
5255,전주,16.3,15
5256,정선군,15.7,17
5257,정읍,15.3,16
5258,제주,18.9,18
5259,제천,14.6,15
5260,진도군,14.5,28
5261,진주,21.5,14
5262,창원,19.5,17
5263,천안,16.6,12
5264,철원,14.6,22
5265,청송군,17.3,8
5266,청주,17.6,11
5267,추풍령,16.4,12
5268,춘천,15.3,14
5269,충주,16.0,12
5270,태백,12.7,16
5271,통영,17.3,38
5272,파주,14.9,32
5273,포항,20.0,9
5274,함양군,18.7,10
5275,합천,20.4,7
5276,해남,17.0,20
5277,홍성,14.9,16
5278,홍천,15.7,13
5279,흑산도,13.0,52
5280,강릉,19.7,15
5281,강진군,18.4,14
5282,강화,12.0,57
5283,거제,16.4,30
5284,거창,18.8,16
5285,경주시,20.1,11
5286,고산,13.7,39
5287,고창,15.3,5
5288,고창군,16.1,12
5289,고흥,19.5,13
5290,광양시,20.7,15
5291,광주,18.6,4
5292,구미,19.0,13
5293,군산,14.1,18
5294,금산,16.1,12
5295,김해시,18.1,33
5296,남원,16.9,9
5297,남해,20.0,17
5298,대관령,11.1,17
5299,대구,19.4,10
5300,대전,16.9,9
5301,동두천,15.8,17
5302,동해,19.1,11
5303,목포,14.2,22
5304,문경,16.1,12
5305,밀양,21.4,7
5306,백령도,14.1,18
5307,보령,13.4,24
5308,보성군,19.8,18
5309,보은,16.9,15
5310,봉화,15.4,16
5311,부산,16.3,36
5312,부안,14.8,13
5313,부여,16.9,12
5314,북강릉,18.5,11
5315,북부산,18.3,26
5316,북창원,21.6,17
5317,북춘천,15.7,18
5318,산청,18.7,15
5319,상주,18.0,11
5320,서귀포,19.2,37
5321,서산,15.0,21
5322,서울,15.0,19
5323,성산,17.9,16
5324,세종,16.7,13
5325,속초,17.4,13
5326,수원,14.2,23
5327,순창군,16.2,12
5328,순천,17.2,10
5329,안동,17.7,12
5330,양산시,21.6,13
5331,양평,15.6,13
5332,여수,19.6,13
5333,영광군,15.2,13
5334,영덕,18.7,14
5335,영월,15.4,11
5336,영주,15.6,15
5337,영천,19.4,12
5338,완도,18.5,22
5339,울릉도,15.1,39
5340,울산,16.4,27
5341,울진,19.2,12
5342,원주,15.1,13
5343,의령군,21.4,9
5344,의성,18.3,13
5345,이천,16.3,15
5346,인제,15.4,17
5347,인천,11.5,49
5348,임실,16.0,10
5349,장수,15.1,20
5350,장흥,18.6,14
5351,전주,16.3,15
5352,정선군,15.7,17
5353,정읍,15.3,16
5354,제주,18.9,18
5355,제천,14.6,15
5356,진도군,14.5,28
5357,진주,21.5,14
5358,창원,19.5,17
5359,천안,16.6,12
5360,철원,14.6,22
5361,청송군,17.3,8
5362,청주,17.6,11
5363,추풍령,16.4,12
5364,춘천,15.3,14
5365,충주,16.0,12
5366,태백,12.7,16
5367,통영,17.3,38
5368,파주,14.9,32
5369,포항,20.0,9
5370,함양군,18.7,10
5371,합천,20.4,7
5372,해남,17.0,20
5373,홍성,14.9,16
5374,홍천,15.7,13
5375,흑산도,13.0,52
5376,강릉,19.7,15
5377,강진군,18.4,14
5378,강화,12.0,57
5379,거제,16.4,30
5380,거창,18.8,16
5381,경주시,20.1,11
5382,고산,13.7,39
5383,고창,15.3,5
5384,고창군,16.1,12
5385,고흥,19.5,13
5386,광양시,20.7,15
5387,광주,18.6,4
5388,구미,19.0,13
5389,군산,14.1,18
5390,금산,16.1,12
5391,김해시,18.1,33
5392,남원,16.9,9
5393,남해,20.0,17
5394,대관령,11.1,17
5395,대구,19.4,10
5396,대전,16.9,9
5397,동두천,15.8,17
5398,동해,19.1,11
5399,목포,14.2,22
5400,문경,16.1,12
5401,밀양,21.4,7
5402,백령도,14.1,18
5403,보령,13.4,24
5404,보성군,19.8,18
5405,보은,16.9,15
5406,봉화,15.4,16
5407,부산,16.3,36
5408,부안,14.8,13
5409,부여,16.9,12
5410,북강릉,18.5,11
5411,북부산,18.3,26
5412,북창원,21.6,17
5413,북춘천,15.7,18
5414,산청,18.7,15
5415,상주,18.0,11
5416,서귀포,19.2,37
5417,서산,15.0,21
5418,서울,15.0,19
5419,성산,17.9,16
5420,세종,16.7,13
5421,속초,17.4,13
5422,수원,14.2,23
5423,순창군,16.2,12
5424,순천,17.2,10
5425,안동,17.7,12
5426,양산시,21.6,13
5427,양평,15.6,13
5428,여수,19.6,13
5429,영광군,15.2,13
5430,영덕,18.7,14
5431,영월,15.4,11
5432,영주,15.6,15
5433,영천,19.4,12
5434,완도,18.5,22
5435,울릉도,15.1,39
5436,울산,16.4,27
5437,울진,19.2,12
5438,원주,15.1,13
5439,의령군,21.4,9
5440,의성,18.3,13
5441,이천,16.3,15
5442,인제,15.4,17
5443,인천,11.5,49
5444,임실,16.0,10
5445,장수,15.1,20
5446,장흥,18.6,14
5447,전주,16.3,15
5448,정선군,15.7,17
5449,정읍,15.3,16
5450,제주,18.9,18
5451,제천,14.6,15
5452,진도군,14.5,28
5453,진주,21.5,14
5454,창원,19.5,17
5455,천안,16.6,12
5456,철원,14.6,22
5457,청송군,17.3,8
5458,청주,17.6,11
5459,추풍령,16.4,12
5460,춘천,15.3,14
5461,충주,16.0,12
5462,태백,12.7,16
5463,통영,17.3,38
5464,파주,14.9,32
5465,포항,20.0,9
5466,함양군,18.7,10
5467,합천,20.4,7
5468,해남,17.0,20
5469,홍성,14.9,16
5470,홍천,15.7,13
5471,흑산도,13.0,52
5472,강릉,19.7,15
5473,강진군,18.4,14
5474,강화,12.0,57
5475,거제,16.4,30
5476,거창,18.8,16
5477,경주시,20.1,11
5478,고산,13.7,39
5479,고창,15.3,5
5480,고창군,16.1,12
5481,고흥,19.5,13
5482,광양시,20.7,15
5483,광주,18.6,4
5484,구미,19.0,13
5485,군산,14.1,18
5486,금산,16.1,12
5487,김해시,18.1,33
5488,남원,16.9,9
5489,남해,20.0,17
5490,대관령,11.1,17
5491,대구,19.4,10
5492,대전,16.9,9
5493,동두천,15.8,17
5494,동해,19.1,11
5495,목포,14.2,22
5496,문경,16.1,12
5497,밀양,21.4,7
5498,백령도,14.1,18
5499,보령,13.4,24
5500,보성군,19.8,18
5501,보은,16.9,15
5502,봉화,15.4,16
5503,부산,16.3,36
5504,부안,14.8,13
5505,부여,16.9,12
5506,북강릉,18.5,11
5507,북부산,18.3,26
5508,북창원,21.6,17
5509,북춘천,15.7,18
5510,산청,18.7,15
5511,상주,18.0,11
5512,서귀포,19.2,37
5513,서산,15.0,21
5514,서울,15.0,19
5515,성산,17.9,16
5516,세종,16.7,13
5517,속초,17.4,13
5518,수원,14.2,23
5519,순창군,16.2,12
5520,순천,17.2,10
5521,안동,17.7,12
5522,양산시,21.6,13
5523,양평,15.6,13
5524,여수,19.6,13
5525,영광군,15.2,13
5526,영덕,18.7,14
5527,영월,15.4,11
5528,영주,15.6,15
5529,영천,19.4,12
5530,완도,18.5,22
5531,울릉도,15.1,39
5532,울산,16.4,27
5533,울진,19.2,12
5534,원주,15.1,13
5535,의령군,21.4,9
5536,의성,18.3,13
5537,이천,16.3,15
5538,인제,15.4,17
5539,인천,11.5,49
5540,임실,16.0,10
5541,장수,15.1,20
5542,장흥,18.6,14
5543,전주,16.3,15
5544,정선군,15.7,17
5545,정읍,15.3,16
5546,제주,18.9,18
5547,제천,14.6,15
5548,진도군,14.5,28
5549,진주,21.5,14
5550,창원,19.5,17
5551,천안,16.6,12
5552,철원,14.6,22
5553,청송군,17.3,8
5554,청주,17.6,11
5555,추풍령,16.4,12
5556,춘천,15.3,14
5557,충주,16.0,12
5558,태백,12.7,16
5559,통영,17.3,38
5560,파주,14.9,32
5561,포항,20.0,9
5562,함양군,18.7,10
5563,합천,20.4,7
5564,해남,17.0,20
5565,홍성,14.9,16
5566,홍천,15.7,13
5567,흑산도,13.0,52
